<?xml version="1.0" encoding="UTF-8"?>
<mxfile host="app.diagrams.net" agent="Mozilla/5.0 (Windows NT 10.0; Win64; x64) AppleWebKit/537.36 (KHTML, like Gecko) Chrome/141.0.0.0 Safari/537.36 OPR/125.0.0.0 (Edition std-2)" version="29.2.10">
  <diagram name="Page-1" id="gmaRCWC1-PIofD72cXmB">
    <mxGraphModel dx="1236" dy="1777" grid="1" gridSize="10" guides="1" tooltips="1" connect="1" arrows="1" fold="1" page="1" pageScale="1" pageWidth="827" pageHeight="1169" math="0" shadow="0">
      <root>
        <mxCell id="0" />
        <mxCell id="1" parent="0" />
        <mxCell id="s9HYT241Uip0btderp6--1" parent="1" style="fontStyle=1;align=center;verticalAlign=middle;childLayout=stackLayout;horizontal=1;horizontalStack=0;resizeParent=1;resizeParentMax=0;resizeLast=0;marginBottom=0;" value="" vertex="1">
          <mxGeometry height="106" width="200" x="630" y="-1100" as="geometry" />
        </mxCell>
        <mxCell id="s9HYT241Uip0btderp6--2" parent="s9HYT241Uip0btderp6--1" style="html=1;align=center;spacing=0;verticalAlign=middle;strokeColor=none;fillColor=none;whiteSpace=wrap;" value="&amp;lt;&amp;lt;enumeration&amp;gt;&amp;gt;" vertex="1">
          <mxGeometry height="20" width="200" as="geometry" />
        </mxCell>
        <mxCell id="s9HYT241Uip0btderp6--3" parent="s9HYT241Uip0btderp6--1" style="html=1;align=center;spacing=0;verticalAlign=middle;strokeColor=none;fillColor=none;whiteSpace=wrap;fontStyle=1;" value="UserRole" vertex="1">
          <mxGeometry height="14" width="200" y="20" as="geometry" />
        </mxCell>
        <mxCell id="s9HYT241Uip0btderp6--4" parent="s9HYT241Uip0btderp6--1" style="line;strokeWidth=0.25;fillColor=none;align=left;verticalAlign=middle;spacingTop=-1;spacingLeft=3;spacingRight=3;rotatable=0;labelPosition=right;points=[];portConstraint=eastwest;" value="" vertex="1">
          <mxGeometry height="8" width="200" y="34" as="geometry" />
        </mxCell>
        <mxCell id="s9HYT241Uip0btderp6--5" parent="s9HYT241Uip0btderp6--1" style="html=1;align=left;spacing=0;spacingLeft=8;verticalAlign=middle;strokeColor=none;fillColor=none;whiteSpace=wrap;" value="- STUDENT&#xa;- TEACHER&#xa;- ADMIN" vertex="1">
          <mxGeometry height="58" width="200" y="42" as="geometry" />
        </mxCell>
        <mxCell id="s9HYT241Uip0btderp6--6" parent="s9HYT241Uip0btderp6--1" style="html=1;align=left;spacing=0;spacingLeft=8;verticalAlign=middle;strokeColor=none;fillColor=none;whiteSpace=wrap;" value="" vertex="1">
          <mxGeometry height="6" width="200" y="100" as="geometry" />
        </mxCell>
        <mxCell id="s9HYT241Uip0btderp6--7" parent="1" style="fontStyle=1;align=center;verticalAlign=middle;childLayout=stackLayout;horizontal=1;horizontalStack=0;resizeParent=1;resizeParentMax=0;resizeLast=0;marginBottom=0;" value="" vertex="1">
          <mxGeometry height="106" width="200" x="860" y="-1100" as="geometry" />
        </mxCell>
        <mxCell id="s9HYT241Uip0btderp6--8" parent="s9HYT241Uip0btderp6--7" style="html=1;align=center;spacing=0;verticalAlign=middle;strokeColor=none;fillColor=none;whiteSpace=wrap;" value="&amp;lt;&amp;lt;enumeration&amp;gt;&amp;gt;" vertex="1">
          <mxGeometry height="20" width="200" as="geometry" />
        </mxCell>
        <mxCell id="s9HYT241Uip0btderp6--9" edge="1" parent="s9HYT241Uip0btderp6--7" source="s9HYT241Uip0btderp6--10" style="edgeStyle=orthogonalEdgeStyle;rounded=0;orthogonalLoop=1;jettySize=auto;html=1;exitX=0.75;exitY=0;exitDx=0;exitDy=0;entryX=0.75;entryY=1;entryDx=0;entryDy=0;" target="s9HYT241Uip0btderp6--8">
          <mxGeometry relative="1" as="geometry" />
        </mxCell>
        <mxCell id="s9HYT241Uip0btderp6--10" parent="s9HYT241Uip0btderp6--7" style="html=1;align=center;spacing=0;verticalAlign=middle;strokeColor=none;fillColor=none;whiteSpace=wrap;fontStyle=1;" value="UserStatus" vertex="1">
          <mxGeometry height="14" width="200" y="20" as="geometry" />
        </mxCell>
        <mxCell id="s9HYT241Uip0btderp6--11" parent="s9HYT241Uip0btderp6--7" style="line;strokeWidth=0.25;fillColor=none;align=left;verticalAlign=middle;spacingTop=-1;spacingLeft=3;spacingRight=3;rotatable=0;labelPosition=right;points=[];portConstraint=eastwest;" value="" vertex="1">
          <mxGeometry height="8" width="200" y="34" as="geometry" />
        </mxCell>
        <mxCell id="s9HYT241Uip0btderp6--12" parent="s9HYT241Uip0btderp6--7" style="html=1;align=left;spacing=0;spacingLeft=8;verticalAlign=middle;strokeColor=none;fillColor=none;whiteSpace=wrap;" value="- ACTIVE&#xa;- DISABLED" vertex="1">
          <mxGeometry height="58" width="200" y="42" as="geometry" />
        </mxCell>
        <mxCell id="s9HYT241Uip0btderp6--13" parent="s9HYT241Uip0btderp6--7" style="html=1;align=left;spacing=0;spacingLeft=8;verticalAlign=middle;strokeColor=none;fillColor=none;whiteSpace=wrap;" value="" vertex="1">
          <mxGeometry height="6" width="200" y="100" as="geometry" />
        </mxCell>
        <mxCell id="s9HYT241Uip0btderp6--14" parent="1" style="fontStyle=1;align=center;verticalAlign=middle;childLayout=stackLayout;horizontal=1;horizontalStack=0;resizeParent=1;resizeParentMax=0;resizeLast=0;marginBottom=0;" value="" vertex="1">
          <mxGeometry height="106" width="200" x="230" y="20" as="geometry" />
        </mxCell>
        <mxCell id="s9HYT241Uip0btderp6--15" parent="s9HYT241Uip0btderp6--14" style="html=1;align=center;spacing=0;verticalAlign=middle;strokeColor=none;fillColor=none;whiteSpace=wrap;" value="&amp;lt;&amp;lt;enumeration&amp;gt;&amp;gt;" vertex="1">
          <mxGeometry height="20" width="200" as="geometry" />
        </mxCell>
        <mxCell id="s9HYT241Uip0btderp6--16" edge="1" parent="s9HYT241Uip0btderp6--14" source="s9HYT241Uip0btderp6--17" style="edgeStyle=orthogonalEdgeStyle;rounded=0;orthogonalLoop=1;jettySize=auto;html=1;exitX=0.75;exitY=0;exitDx=0;exitDy=0;entryX=0.75;entryY=1;entryDx=0;entryDy=0;" target="s9HYT241Uip0btderp6--15">
          <mxGeometry relative="1" as="geometry" />
        </mxCell>
        <mxCell id="s9HYT241Uip0btderp6--17" parent="s9HYT241Uip0btderp6--14" style="html=1;align=center;spacing=0;verticalAlign=middle;strokeColor=none;fillColor=none;whiteSpace=wrap;fontStyle=1;" value="AnswerLabel" vertex="1">
          <mxGeometry height="14" width="200" y="20" as="geometry" />
        </mxCell>
        <mxCell id="s9HYT241Uip0btderp6--18" parent="s9HYT241Uip0btderp6--14" style="line;strokeWidth=0.25;fillColor=none;align=left;verticalAlign=middle;spacingTop=-1;spacingLeft=3;spacingRight=3;rotatable=0;labelPosition=right;points=[];portConstraint=eastwest;" value="" vertex="1">
          <mxGeometry height="8" width="200" y="34" as="geometry" />
        </mxCell>
        <mxCell id="s9HYT241Uip0btderp6--19" parent="s9HYT241Uip0btderp6--14" style="html=1;align=left;spacing=0;spacingLeft=8;verticalAlign=middle;strokeColor=none;fillColor=none;whiteSpace=wrap;" value="- A&#xa;- B&#xa;- C&#xa;- D" vertex="1">
          <mxGeometry height="58" width="200" y="42" as="geometry" />
        </mxCell>
        <mxCell id="s9HYT241Uip0btderp6--20" parent="s9HYT241Uip0btderp6--14" style="html=1;align=left;spacing=0;spacingLeft=8;verticalAlign=middle;strokeColor=none;fillColor=none;whiteSpace=wrap;" value="" vertex="1">
          <mxGeometry height="6" width="200" y="100" as="geometry" />
        </mxCell>
        <mxCell id="s9HYT241Uip0btderp6--21" parent="1" style="fontStyle=1;align=center;verticalAlign=middle;childLayout=stackLayout;horizontal=1;horizontalStack=0;resizeParent=1;resizeParentMax=0;resizeLast=0;marginBottom=0;" value="" vertex="1">
          <mxGeometry height="106" width="200" x="440" y="20" as="geometry" />
        </mxCell>
        <mxCell id="s9HYT241Uip0btderp6--22" parent="s9HYT241Uip0btderp6--21" style="html=1;align=center;spacing=0;verticalAlign=middle;strokeColor=none;fillColor=none;whiteSpace=wrap;" value="&amp;lt;&amp;lt;enumeration&amp;gt;&amp;gt;" vertex="1">
          <mxGeometry height="20" width="200" as="geometry" />
        </mxCell>
        <mxCell id="s9HYT241Uip0btderp6--23" edge="1" parent="s9HYT241Uip0btderp6--21" source="s9HYT241Uip0btderp6--24" style="edgeStyle=orthogonalEdgeStyle;rounded=0;orthogonalLoop=1;jettySize=auto;html=1;exitX=0.75;exitY=0;exitDx=0;exitDy=0;entryX=0.75;entryY=1;entryDx=0;entryDy=0;" target="s9HYT241Uip0btderp6--22">
          <mxGeometry relative="1" as="geometry" />
        </mxCell>
        <mxCell id="s9HYT241Uip0btderp6--24" parent="s9HYT241Uip0btderp6--21" style="html=1;align=center;spacing=0;verticalAlign=middle;strokeColor=none;fillColor=none;whiteSpace=wrap;fontStyle=1;" value="ResultVisibility" vertex="1">
          <mxGeometry height="14" width="200" y="20" as="geometry" />
        </mxCell>
        <mxCell id="s9HYT241Uip0btderp6--25" parent="s9HYT241Uip0btderp6--21" style="line;strokeWidth=0.25;fillColor=none;align=left;verticalAlign=middle;spacingTop=-1;spacingLeft=3;spacingRight=3;rotatable=0;labelPosition=right;points=[];portConstraint=eastwest;" value="" vertex="1">
          <mxGeometry height="8" width="200" y="34" as="geometry" />
        </mxCell>
        <mxCell id="s9HYT241Uip0btderp6--26" parent="s9HYT241Uip0btderp6--21" style="html=1;align=left;spacing=0;spacingLeft=8;verticalAlign=middle;strokeColor=none;fillColor=none;whiteSpace=wrap;" value="- IMMEDIATE&#xa;- AFTER_END_TIME&#xa;- MANUAL_RELEASE" vertex="1">
          <mxGeometry height="58" width="200" y="42" as="geometry" />
        </mxCell>
        <mxCell id="s9HYT241Uip0btderp6--27" parent="s9HYT241Uip0btderp6--21" style="html=1;align=left;spacing=0;spacingLeft=8;verticalAlign=middle;strokeColor=none;fillColor=none;whiteSpace=wrap;" value="" vertex="1">
          <mxGeometry height="6" width="200" y="100" as="geometry" />
        </mxCell>
        <mxCell id="s9HYT241Uip0btderp6--28" parent="1" style="fontStyle=1;align=center;verticalAlign=middle;childLayout=stackLayout;horizontal=1;horizontalStack=0;resizeParent=1;resizeParentMax=0;resizeLast=0;marginBottom=0;" value="" vertex="1">
          <mxGeometry height="106" width="200" x="650" y="20" as="geometry" />
        </mxCell>
        <mxCell id="s9HYT241Uip0btderp6--29" parent="s9HYT241Uip0btderp6--28" style="html=1;align=center;spacing=0;verticalAlign=middle;strokeColor=none;fillColor=none;whiteSpace=wrap;" value="&amp;lt;&amp;lt;enumeration&amp;gt;&amp;gt;" vertex="1">
          <mxGeometry height="20" width="200" as="geometry" />
        </mxCell>
        <mxCell id="s9HYT241Uip0btderp6--30" edge="1" parent="s9HYT241Uip0btderp6--28" source="s9HYT241Uip0btderp6--31" style="edgeStyle=orthogonalEdgeStyle;rounded=0;orthogonalLoop=1;jettySize=auto;html=1;exitX=0.75;exitY=0;exitDx=0;exitDy=0;entryX=0.75;entryY=1;entryDx=0;entryDy=0;" target="s9HYT241Uip0btderp6--29">
          <mxGeometry relative="1" as="geometry" />
        </mxCell>
        <mxCell id="s9HYT241Uip0btderp6--31" parent="s9HYT241Uip0btderp6--28" style="html=1;align=center;spacing=0;verticalAlign=middle;strokeColor=none;fillColor=none;whiteSpace=wrap;fontStyle=1;" value="DifficultyLevel" vertex="1">
          <mxGeometry height="14" width="200" y="20" as="geometry" />
        </mxCell>
        <mxCell id="s9HYT241Uip0btderp6--32" parent="s9HYT241Uip0btderp6--28" style="line;strokeWidth=0.25;fillColor=none;align=left;verticalAlign=middle;spacingTop=-1;spacingLeft=3;spacingRight=3;rotatable=0;labelPosition=right;points=[];portConstraint=eastwest;" value="" vertex="1">
          <mxGeometry height="8" width="200" y="34" as="geometry" />
        </mxCell>
        <mxCell id="s9HYT241Uip0btderp6--33" parent="s9HYT241Uip0btderp6--28" style="html=1;align=left;spacing=0;spacingLeft=8;verticalAlign=middle;strokeColor=none;fillColor=none;whiteSpace=wrap;" value="&lt;div&gt;- EASY&lt;/div&gt;&lt;div&gt;- MEDIUM&lt;/div&gt;&lt;div&gt;- HARD&lt;/div&gt;" vertex="1">
          <mxGeometry height="58" width="200" y="42" as="geometry" />
        </mxCell>
        <mxCell id="s9HYT241Uip0btderp6--34" parent="s9HYT241Uip0btderp6--28" style="html=1;align=left;spacing=0;spacingLeft=8;verticalAlign=middle;strokeColor=none;fillColor=none;whiteSpace=wrap;" value="" vertex="1">
          <mxGeometry height="6" width="200" y="100" as="geometry" />
        </mxCell>
        <mxCell id="s9HYT241Uip0btderp6--35" parent="1" style="fontStyle=1;align=center;verticalAlign=middle;childLayout=stackLayout;horizontal=1;horizontalStack=0;resizeParent=1;resizeParentMax=0;resizeLast=0;marginBottom=0;" value="" vertex="1">
          <mxGeometry height="106" width="200" x="880" y="20" as="geometry" />
        </mxCell>
        <mxCell id="s9HYT241Uip0btderp6--36" parent="s9HYT241Uip0btderp6--35" style="html=1;align=center;spacing=0;verticalAlign=middle;strokeColor=none;fillColor=none;whiteSpace=wrap;" value="&amp;lt;&amp;lt;enumeration&amp;gt;&amp;gt;" vertex="1">
          <mxGeometry height="20" width="200" as="geometry" />
        </mxCell>
        <mxCell id="s9HYT241Uip0btderp6--37" edge="1" parent="s9HYT241Uip0btderp6--35" source="s9HYT241Uip0btderp6--38" style="edgeStyle=orthogonalEdgeStyle;rounded=0;orthogonalLoop=1;jettySize=auto;html=1;exitX=0.75;exitY=0;exitDx=0;exitDy=0;entryX=0.75;entryY=1;entryDx=0;entryDy=0;" target="s9HYT241Uip0btderp6--36">
          <mxGeometry relative="1" as="geometry" />
        </mxCell>
        <mxCell id="s9HYT241Uip0btderp6--38" parent="s9HYT241Uip0btderp6--35" style="html=1;align=center;spacing=0;verticalAlign=middle;strokeColor=none;fillColor=none;whiteSpace=wrap;fontStyle=1;" value="AttemptStatus" vertex="1">
          <mxGeometry height="14" width="200" y="20" as="geometry" />
        </mxCell>
        <mxCell id="s9HYT241Uip0btderp6--39" parent="s9HYT241Uip0btderp6--35" style="line;strokeWidth=0.25;fillColor=none;align=left;verticalAlign=middle;spacingTop=-1;spacingLeft=3;spacingRight=3;rotatable=0;labelPosition=right;points=[];portConstraint=eastwest;" value="" vertex="1">
          <mxGeometry height="8" width="200" y="34" as="geometry" />
        </mxCell>
        <mxCell id="s9HYT241Uip0btderp6--40" parent="s9HYT241Uip0btderp6--35" style="html=1;align=left;spacing=0;spacingLeft=8;verticalAlign=middle;strokeColor=none;fillColor=none;whiteSpace=wrap;" value="- IN_PROGRESS&#xa;- SUBMITTED&#xa;- AUTO_SUBMITTED" vertex="1">
          <mxGeometry height="58" width="200" y="42" as="geometry" />
        </mxCell>
        <mxCell id="s9HYT241Uip0btderp6--41" parent="s9HYT241Uip0btderp6--35" style="html=1;align=left;spacing=0;spacingLeft=8;verticalAlign=middle;strokeColor=none;fillColor=none;whiteSpace=wrap;" value="" vertex="1">
          <mxGeometry height="6" width="200" y="100" as="geometry" />
        </mxCell>
        <mxCell id="s9HYT241Uip0btderp6--42" parent="1" style="fontStyle=1;align=center;verticalAlign=middle;childLayout=stackLayout;horizontal=1;horizontalStack=0;resizeParent=1;resizeParentMax=0;resizeLast=0;marginBottom=0;" value="" vertex="1">
          <mxGeometry height="166" width="200" x="20" y="-40" as="geometry" />
        </mxCell>
        <mxCell id="s9HYT241Uip0btderp6--43" parent="s9HYT241Uip0btderp6--42" style="html=1;align=center;spacing=0;verticalAlign=middle;strokeColor=none;fillColor=none;whiteSpace=wrap;" value="&amp;lt;&amp;lt;enumeration&amp;gt;&amp;gt;" vertex="1">
          <mxGeometry height="20" width="200" as="geometry" />
        </mxCell>
        <mxCell id="s9HYT241Uip0btderp6--44" edge="1" parent="s9HYT241Uip0btderp6--42" source="s9HYT241Uip0btderp6--45" style="edgeStyle=orthogonalEdgeStyle;rounded=0;orthogonalLoop=1;jettySize=auto;html=1;exitX=0.75;exitY=0;exitDx=0;exitDy=0;entryX=0.75;entryY=1;entryDx=0;entryDy=0;" target="s9HYT241Uip0btderp6--43">
          <mxGeometry relative="1" as="geometry" />
        </mxCell>
        <mxCell id="s9HYT241Uip0btderp6--45" parent="s9HYT241Uip0btderp6--42" style="html=1;align=center;spacing=0;verticalAlign=middle;strokeColor=none;fillColor=none;whiteSpace=wrap;fontStyle=1;" value="AuditAction" vertex="1">
          <mxGeometry height="14" width="200" y="20" as="geometry" />
        </mxCell>
        <mxCell id="s9HYT241Uip0btderp6--46" parent="s9HYT241Uip0btderp6--42" style="line;strokeWidth=0.25;fillColor=none;align=left;verticalAlign=middle;spacingTop=-1;spacingLeft=3;spacingRight=3;rotatable=0;labelPosition=right;points=[];portConstraint=eastwest;" value="" vertex="1">
          <mxGeometry height="8" width="200" y="34" as="geometry" />
        </mxCell>
        <mxCell id="s9HYT241Uip0btderp6--47" parent="s9HYT241Uip0btderp6--42" style="html=1;align=left;spacing=0;spacingLeft=8;verticalAlign=middle;strokeColor=none;fillColor=none;whiteSpace=wrap;" value="- CREATE_USER&#xa;- DISABLE_USER&#xa;- ENABLE_USER&#xa;- RESET_PASSWORD&#xa;- ASSIGN_ROLE&#xa;- PURGE_QUIZ&#xa;- DELETE_ATTEMPT" vertex="1">
          <mxGeometry height="118" width="200" y="42" as="geometry" />
        </mxCell>
        <mxCell id="s9HYT241Uip0btderp6--48" parent="s9HYT241Uip0btderp6--42" style="html=1;align=left;spacing=0;spacingLeft=8;verticalAlign=middle;strokeColor=none;fillColor=none;whiteSpace=wrap;" value="" vertex="1">
          <mxGeometry height="6" width="200" y="160" as="geometry" />
        </mxCell>
        <mxCell id="s9HYT241Uip0btderp6--49" parent="1" style="swimlane;fontStyle=1;align=center;verticalAlign=top;childLayout=stackLayout;horizontal=1;startSize=26;horizontalStack=0;resizeParent=1;resizeParentMax=0;resizeLast=0;collapsible=1;marginBottom=0;whiteSpace=wrap;html=1;" value="PasswordPolicy" vertex="1">
          <mxGeometry height="104" width="240" x="1070" y="-530" as="geometry">
            <mxRectangle height="30" width="130" x="310" y="350" as="alternateBounds" />
          </mxGeometry>
        </mxCell>
        <mxCell id="s9HYT241Uip0btderp6--50" parent="s9HYT241Uip0btderp6--49" style="text;strokeColor=none;fillColor=none;align=left;verticalAlign=top;spacingLeft=4;spacingRight=4;overflow=hidden;rotatable=0;points=[[0,0.5],[1,0.5]];portConstraint=eastwest;whiteSpace=wrap;html=1;" value="- bcryptWorkFactor: int&#xa;- maxPasswordLengthBytes: int" vertex="1">
          <mxGeometry height="44" width="240" y="26" as="geometry" />
        </mxCell>
        <mxCell id="s9HYT241Uip0btderp6--51" parent="s9HYT241Uip0btderp6--49" style="line;strokeWidth=1;fillColor=none;align=left;verticalAlign=middle;spacingTop=-1;spacingLeft=3;spacingRight=3;rotatable=0;labelPosition=right;points=[];portConstraint=eastwest;strokeColor=inherit;" value="" vertex="1">
          <mxGeometry height="8" width="240" y="70" as="geometry" />
        </mxCell>
        <mxCell id="s9HYT241Uip0btderp6--52" parent="s9HYT241Uip0btderp6--49" style="text;strokeColor=none;fillColor=none;align=left;verticalAlign=top;spacingLeft=4;spacingRight=4;overflow=hidden;rotatable=0;points=[[0,0.5],[1,0.5]];portConstraint=eastwest;whiteSpace=wrap;html=1;" value="+ validate(passwordPlain: String): boolean" vertex="1">
          <mxGeometry height="26" width="240" y="78" as="geometry" />
        </mxCell>
        <mxCell id="s9HYT241Uip0btderp6--53" parent="1" style="swimlane;fontStyle=1;align=center;verticalAlign=top;childLayout=stackLayout;horizontal=1;startSize=26;horizontalStack=0;resizeParent=1;resizeParentMax=0;resizeLast=0;collapsible=1;marginBottom=0;whiteSpace=wrap;html=1;" value="User" vertex="1">
          <mxGeometry height="270" width="260" x="20" y="-870" as="geometry" />
        </mxCell>
        <mxCell id="s9HYT241Uip0btderp6--54" parent="s9HYT241Uip0btderp6--53" style="text;strokeColor=none;fillColor=none;align=left;verticalAlign=top;spacingLeft=4;spacingRight=4;overflow=hidden;rotatable=0;points=[[0,0.5],[1,0.5]];portConstraint=eastwest;whiteSpace=wrap;html=1;" value="- userId: string&lt;br&gt;- username: String&lt;br&gt;- passwordHash: String&lt;br&gt;- role: UserRole&lt;br&gt;- status: UserStatus&lt;br&gt;- failedLoginCount: int&lt;br&gt;- lockedUntil: DateTime?&lt;br&gt;- createdAt: DateTime&lt;br&gt;- updatedAt: DateTime" vertex="1">
          <mxGeometry height="144" width="260" y="26" as="geometry" />
        </mxCell>
        <mxCell id="s9HYT241Uip0btderp6--55" parent="s9HYT241Uip0btderp6--53" style="line;strokeWidth=1;fillColor=none;align=left;verticalAlign=middle;spacingTop=-1;spacingLeft=3;spacingRight=3;rotatable=0;labelPosition=right;points=[];portConstraint=eastwest;strokeColor=inherit;" value="" vertex="1">
          <mxGeometry height="8" width="260" y="170" as="geometry" />
        </mxCell>
        <mxCell id="s9HYT241Uip0btderp6--56" parent="s9HYT241Uip0btderp6--53" style="text;strokeColor=none;fillColor=none;align=left;verticalAlign=top;spacingLeft=4;spacingRight=4;overflow=hidden;rotatable=0;points=[[0,0.5],[1,0.5]];portConstraint=eastwest;whiteSpace=wrap;html=1;" value="+ isLocked(now: DateTime): boolean&#xa;+ recordFailedLogin(): void&#xa;+ resetFailedLogins(): void&#xa;+ lockFor(minutes: int, now: DateTime): void&#xa;+ disable(): void&#xa;+ enable(): void" vertex="1">
          <mxGeometry height="92" width="260" y="178" as="geometry" />
        </mxCell>
        <mxCell id="s9HYT241Uip0btderp6--57" parent="1" style="swimlane;fontStyle=1;align=center;verticalAlign=top;childLayout=stackLayout;horizontal=1;startSize=26;horizontalStack=0;resizeParent=1;resizeParentMax=0;resizeLast=0;collapsible=1;marginBottom=0;whiteSpace=wrap;html=1;" value="Session" vertex="1">
          <mxGeometry height="144" width="160" x="20" y="-1090" as="geometry" />
        </mxCell>
        <mxCell id="s9HYT241Uip0btderp6--58" parent="s9HYT241Uip0btderp6--57" style="text;strokeColor=none;fillColor=none;align=left;verticalAlign=top;spacingLeft=4;spacingRight=4;overflow=hidden;rotatable=0;points=[[0,0.5],[1,0.5]];portConstraint=eastwest;whiteSpace=wrap;html=1;" value="&lt;div&gt;- sessionId: string&lt;/div&gt;&lt;div&gt;- userId: string&lt;/div&gt;&lt;div&gt;- createdAt: DateTime&lt;/div&gt;&lt;div&gt;- expiresAt: DateTime&lt;/div&gt;&lt;div&gt;- revokedAt: DateTime?&lt;/div&gt;" vertex="1">
          <mxGeometry height="84" width="160" y="26" as="geometry" />
        </mxCell>
        <mxCell id="s9HYT241Uip0btderp6--59" parent="s9HYT241Uip0btderp6--57" style="line;strokeWidth=1;fillColor=none;align=left;verticalAlign=middle;spacingTop=-1;spacingLeft=3;spacingRight=3;rotatable=0;labelPosition=right;points=[];portConstraint=eastwest;strokeColor=inherit;" value="" vertex="1">
          <mxGeometry height="8" width="160" y="110" as="geometry" />
        </mxCell>
        <mxCell id="s9HYT241Uip0btderp6--60" parent="s9HYT241Uip0btderp6--57" style="text;strokeColor=none;fillColor=none;align=left;verticalAlign=top;spacingLeft=4;spacingRight=4;overflow=hidden;rotatable=0;points=[[0,0.5],[1,0.5]];portConstraint=eastwest;whiteSpace=wrap;html=1;" value="+ invalidate(): void" vertex="1">
          <mxGeometry height="26" width="160" y="118" as="geometry" />
        </mxCell>
        <mxCell id="s9HYT241Uip0btderp6--61" parent="1" style="swimlane;fontStyle=1;align=center;verticalAlign=top;childLayout=stackLayout;horizontal=1;startSize=26;horizontalStack=0;resizeParent=1;resizeParentMax=0;resizeLast=0;collapsible=1;marginBottom=0;whiteSpace=wrap;html=1;" value="Question" vertex="1">
          <mxGeometry height="190" width="250" y="-460" as="geometry" />
        </mxCell>
        <mxCell id="s9HYT241Uip0btderp6--62" parent="s9HYT241Uip0btderp6--61" style="text;strokeColor=none;fillColor=none;align=left;verticalAlign=top;spacingLeft=4;spacingRight=4;overflow=hidden;rotatable=0;points=[[0,0.5],[1,0.5]];portConstraint=eastwest;whiteSpace=wrap;html=1;" value="&lt;div&gt;- questionId:&amp;nbsp;&lt;span style=&quot;background-color: transparent; color: light-dark(rgb(0, 0, 0), rgb(255, 255, 255));&quot;&gt;string&lt;/span&gt;&lt;/div&gt;&lt;div&gt;- createdByTeacherId:&amp;nbsp;&lt;span style=&quot;background-color: transparent; color: light-dark(rgb(0, 0, 0), rgb(255, 255, 255));&quot;&gt;string&lt;/span&gt;&lt;/div&gt;&lt;div&gt;- questionText: String&lt;/div&gt;&lt;div&gt;- difficulty: DifficultyLevel&lt;/div&gt;&lt;div&gt;- topicOrTag: String&lt;/div&gt;&lt;div&gt;- createdAt: DateTime&lt;/div&gt;&lt;div&gt;- updatedAt: DateTime&lt;/div&gt;" vertex="1">
          <mxGeometry height="114" width="250" y="26" as="geometry" />
        </mxCell>
        <mxCell id="s9HYT241Uip0btderp6--63" parent="s9HYT241Uip0btderp6--61" style="line;strokeWidth=1;fillColor=none;align=left;verticalAlign=middle;spacingTop=-1;spacingLeft=3;spacingRight=3;rotatable=0;labelPosition=right;points=[];portConstraint=eastwest;strokeColor=inherit;" value="" vertex="1">
          <mxGeometry height="8" width="250" y="140" as="geometry" />
        </mxCell>
        <mxCell id="s9HYT241Uip0btderp6--64" parent="s9HYT241Uip0btderp6--61" style="text;strokeColor=none;fillColor=none;align=left;verticalAlign=top;spacingLeft=4;spacingRight=4;overflow=hidden;rotatable=0;points=[[0,0.5],[1,0.5]];portConstraint=eastwest;whiteSpace=wrap;html=1;" value="&lt;div&gt;+ validateExactlyOneCorrectOption(): boolean&lt;/div&gt;&lt;div&gt;&lt;br&gt;&lt;/div&gt;" vertex="1">
          <mxGeometry height="42" width="250" y="148" as="geometry" />
        </mxCell>
        <mxCell id="s9HYT241Uip0btderp6--65" parent="1" style="swimlane;fontStyle=1;align=center;verticalAlign=top;childLayout=stackLayout;horizontal=1;startSize=26;horizontalStack=0;resizeParent=1;resizeParentMax=0;resizeLast=0;collapsible=1;marginBottom=0;whiteSpace=wrap;html=1;" value="&lt;div&gt;&lt;div&gt;Option&lt;/div&gt;&lt;/div&gt;" vertex="1">
          <mxGeometry height="110" width="160" x="45" y="-190" as="geometry" />
        </mxCell>
        <mxCell id="s9HYT241Uip0btderp6--66" parent="s9HYT241Uip0btderp6--65" style="text;strokeColor=none;fillColor=none;align=left;verticalAlign=top;spacingLeft=4;spacingRight=4;overflow=hidden;rotatable=0;points=[[0,0.5],[1,0.5]];portConstraint=eastwest;whiteSpace=wrap;html=1;" value="&lt;div&gt;- optionId:&amp;nbsp;&lt;span style=&quot;background-color: transparent; color: light-dark(rgb(0, 0, 0), rgb(255, 255, 255));&quot;&gt;string&lt;/span&gt;&lt;/div&gt;&lt;div&gt;- questionId:&amp;nbsp;&lt;span style=&quot;background-color: transparent; color: light-dark(rgb(0, 0, 0), rgb(255, 255, 255));&quot;&gt;string&lt;/span&gt;&lt;/div&gt;&lt;div&gt;- label: AnswerLabel&lt;/div&gt;&lt;div&gt;- content: String&lt;/div&gt;&lt;div&gt;- isCorrect: boolean&lt;/div&gt;" vertex="1">
          <mxGeometry height="84" width="160" y="26" as="geometry" />
        </mxCell>
        <mxCell id="s9HYT241Uip0btderp6--67" parent="1" style="swimlane;fontStyle=1;align=center;verticalAlign=top;childLayout=stackLayout;horizontal=1;startSize=26;horizontalStack=0;resizeParent=1;resizeParentMax=0;resizeLast=0;collapsible=1;marginBottom=0;whiteSpace=wrap;html=1;" value="Quiz" vertex="1">
          <mxGeometry height="224" width="240" x="830" y="-880" as="geometry" />
        </mxCell>
        <mxCell id="s9HYT241Uip0btderp6--68" parent="s9HYT241Uip0btderp6--67" style="text;strokeColor=none;fillColor=none;align=left;verticalAlign=top;spacingLeft=4;spacingRight=4;overflow=hidden;rotatable=0;points=[[0,0.5],[1,0.5]];portConstraint=eastwest;whiteSpace=wrap;html=1;" value="&lt;div&gt;- quizId:&amp;nbsp;&lt;span style=&quot;background-color: transparent; color: light-dark(rgb(0, 0, 0), rgb(255, 255, 255));&quot;&gt;string&lt;/span&gt;&lt;/div&gt;&lt;div&gt;- title: String&lt;/div&gt;&lt;div&gt;- timeLimit: int&lt;/div&gt;&lt;div&gt;- totalMarks: float&lt;/div&gt;&lt;div&gt;- shuffleQuestions: boolean&lt;/div&gt;&lt;div&gt;- shuffleAnswers: boolean&lt;/div&gt;&lt;div&gt;- scoringRule: String&lt;/div&gt;&lt;div&gt;- status: QuizStatus&lt;/div&gt;&lt;div&gt;- maxAttempts: int&lt;/div&gt;" vertex="1">
          <mxGeometry height="164" width="240" y="26" as="geometry" />
        </mxCell>
        <mxCell id="s9HYT241Uip0btderp6--69" parent="s9HYT241Uip0btderp6--67" style="line;strokeWidth=1;fillColor=none;align=left;verticalAlign=middle;spacingTop=-1;spacingLeft=3;spacingRight=3;rotatable=0;labelPosition=right;points=[];portConstraint=eastwest;strokeColor=inherit;" value="" vertex="1">
          <mxGeometry height="8" width="240" y="190" as="geometry" />
        </mxCell>
        <mxCell id="s9HYT241Uip0btderp6--70" parent="s9HYT241Uip0btderp6--67" style="text;strokeColor=none;fillColor=none;align=left;verticalAlign=top;spacingLeft=4;spacingRight=4;overflow=hidden;rotatable=0;points=[[0,0.5],[1,0.5]];portConstraint=eastwest;whiteSpace=wrap;html=1;" value="+ validateConfig(): boolean" vertex="1">
          <mxGeometry height="26" width="240" y="198" as="geometry" />
        </mxCell>
        <mxCell id="s9HYT241Uip0btderp6--71" parent="1" style="swimlane;fontStyle=1;align=center;verticalAlign=top;childLayout=stackLayout;horizontal=1;startSize=30;horizontalStack=0;resizeParent=1;resizeParentMax=0;resizeLast=0;collapsible=1;marginBottom=0;whiteSpace=wrap;html=1;" value="QuizQuestion" vertex="1">
          <mxGeometry height="114" width="160" x="310" y="-304" as="geometry" />
        </mxCell>
        <mxCell id="s9HYT241Uip0btderp6--72" parent="s9HYT241Uip0btderp6--71" style="text;strokeColor=none;fillColor=none;align=left;verticalAlign=top;spacingLeft=4;spacingRight=4;overflow=hidden;rotatable=0;points=[[0,0.5],[1,0.5]];portConstraint=eastwest;whiteSpace=wrap;html=1;" value="&lt;div&gt;- quizQuestionId:&amp;nbsp;&lt;span style=&quot;background-color: transparent; color: light-dark(rgb(0, 0, 0), rgb(255, 255, 255));&quot;&gt;string&lt;/span&gt;&lt;/div&gt;&lt;div&gt;- quizId:&amp;nbsp;&lt;span style=&quot;background-color: transparent; color: light-dark(rgb(0, 0, 0), rgb(255, 255, 255));&quot;&gt;string&lt;/span&gt;&lt;/div&gt;&lt;div&gt;- questionId:&amp;nbsp;&lt;span style=&quot;background-color: transparent; color: light-dark(rgb(0, 0, 0), rgb(255, 255, 255));&quot;&gt;string&lt;/span&gt;&lt;/div&gt;&lt;div&gt;- points: int&lt;/div&gt;&lt;div&gt;- orderIndex: int&lt;/div&gt;" vertex="1">
          <mxGeometry height="84" width="160" y="30" as="geometry" />
        </mxCell>
        <mxCell id="s9HYT241Uip0btderp6--73" parent="1" style="swimlane;fontStyle=1;align=center;verticalAlign=top;childLayout=stackLayout;horizontal=1;startSize=26;horizontalStack=0;resizeParent=1;resizeParentMax=0;resizeLast=0;collapsible=1;marginBottom=0;whiteSpace=wrap;html=1;" value="QuizAssignment" vertex="1">
          <mxGeometry height="190" width="250" x="490" y="-846" as="geometry" />
        </mxCell>
        <mxCell id="s9HYT241Uip0btderp6--74" parent="s9HYT241Uip0btderp6--73" style="text;strokeColor=none;fillColor=none;align=left;verticalAlign=top;spacingLeft=4;spacingRight=4;overflow=hidden;rotatable=0;points=[[0,0.5],[1,0.5]];portConstraint=eastwest;whiteSpace=wrap;html=1;" value="&lt;div&gt;- assignmentId:&amp;nbsp;&lt;span style=&quot;background-color: transparent; color: light-dark(rgb(0, 0, 0), rgb(255, 255, 255));&quot;&gt;string&lt;/span&gt;&lt;/div&gt;&lt;div&gt;- quizId:&amp;nbsp;&lt;span style=&quot;background-color: transparent; color: light-dark(rgb(0, 0, 0), rgb(255, 255, 255));&quot;&gt;string&lt;/span&gt;&lt;/div&gt;&lt;div&gt;- studentId:&amp;nbsp;&lt;span style=&quot;background-color: transparent; color: light-dark(rgb(0, 0, 0), rgb(255, 255, 255));&quot;&gt;string&lt;/span&gt;&lt;/div&gt;&lt;div&gt;- startTime: DateTime&lt;/div&gt;&lt;div&gt;- endTime: DateTime&lt;/div&gt;&lt;div&gt;- createdAt: DateTime&lt;/div&gt;" vertex="1">
          <mxGeometry height="104" width="250" y="26" as="geometry" />
        </mxCell>
        <mxCell id="s9HYT241Uip0btderp6--75" parent="s9HYT241Uip0btderp6--73" style="line;strokeWidth=1;fillColor=none;align=left;verticalAlign=middle;spacingTop=-1;spacingLeft=3;spacingRight=3;rotatable=0;labelPosition=right;points=[];portConstraint=eastwest;strokeColor=inherit;" value="" vertex="1">
          <mxGeometry height="8" width="250" y="130" as="geometry" />
        </mxCell>
        <mxCell id="s9HYT241Uip0btderp6--76" parent="s9HYT241Uip0btderp6--73" style="text;strokeColor=none;fillColor=none;align=left;verticalAlign=top;spacingLeft=4;spacingRight=4;overflow=hidden;rotatable=0;points=[[0,0.5],[1,0.5]];portConstraint=eastwest;whiteSpace=wrap;html=1;" value="&lt;div&gt;+ validateTimeWindow(): boolean&lt;/div&gt;&lt;div&gt;+ isWithinWindow(now: DateTime): boolean&lt;/div&gt;" vertex="1">
          <mxGeometry height="52" width="250" y="138" as="geometry" />
        </mxCell>
        <mxCell id="s9HYT241Uip0btderp6--77" parent="1" style="swimlane;fontStyle=1;align=center;verticalAlign=top;childLayout=stackLayout;horizontal=1;startSize=26;horizontalStack=0;resizeParent=1;resizeParentMax=0;resizeLast=0;collapsible=1;marginBottom=0;whiteSpace=wrap;html=1;" value="Attempt" vertex="1">
          <mxGeometry height="210" width="260" x="590" y="-570" as="geometry" />
        </mxCell>
        <mxCell id="s9HYT241Uip0btderp6--78" parent="s9HYT241Uip0btderp6--77" style="text;strokeColor=none;fillColor=none;align=left;verticalAlign=top;spacingLeft=4;spacingRight=4;overflow=hidden;rotatable=0;points=[[0,0.5],[1,0.5]];portConstraint=eastwest;whiteSpace=wrap;html=1;" value="&lt;div&gt;- attemptId:&amp;nbsp;&lt;span style=&quot;background-color: transparent; color: light-dark(rgb(0, 0, 0), rgb(255, 255, 255));&quot;&gt;string&lt;/span&gt;&lt;/div&gt;&lt;div&gt;- quizId:&amp;nbsp;&lt;span style=&quot;background-color: transparent; color: light-dark(rgb(0, 0, 0), rgb(255, 255, 255));&quot;&gt;string&lt;/span&gt;&lt;/div&gt;&lt;div&gt;- studentId:&amp;nbsp;&lt;span style=&quot;background-color: transparent; color: light-dark(rgb(0, 0, 0), rgb(255, 255, 255));&quot;&gt;string&lt;/span&gt;&lt;/div&gt;&lt;div&gt;- attemptNumber: int&amp;nbsp; &amp;nbsp;&lt;/div&gt;&lt;div&gt;- status: AttemptStatus&lt;/div&gt;&lt;div&gt;- startedAt: DateTime&lt;/div&gt;&lt;div&gt;- submittedAt: DateTime?&lt;/div&gt;" vertex="1">
          <mxGeometry height="114" width="260" y="26" as="geometry" />
        </mxCell>
        <mxCell id="s9HYT241Uip0btderp6--79" parent="s9HYT241Uip0btderp6--77" style="line;strokeWidth=1;fillColor=none;align=left;verticalAlign=middle;spacingTop=-1;spacingLeft=3;spacingRight=3;rotatable=0;labelPosition=right;points=[];portConstraint=eastwest;strokeColor=inherit;" value="" vertex="1">
          <mxGeometry height="8" width="260" y="140" as="geometry" />
        </mxCell>
        <mxCell id="s9HYT241Uip0btderp6--80" parent="s9HYT241Uip0btderp6--77" style="text;strokeColor=none;fillColor=none;align=left;verticalAlign=top;spacingLeft=4;spacingRight=4;overflow=hidden;rotatable=0;points=[[0,0.5],[1,0.5]];portConstraint=eastwest;whiteSpace=wrap;html=1;" value="&lt;div&gt;+ autoSaveAnswer(questionId: string, selectedOptionId: string?): void&lt;/div&gt;&lt;div&gt;+ submit(now: DateTime, auto: boolean): void&lt;/div&gt;" vertex="1">
          <mxGeometry height="62" width="260" y="148" as="geometry" />
        </mxCell>
        <mxCell id="s9HYT241Uip0btderp6--81" parent="1" style="swimlane;fontStyle=1;align=center;verticalAlign=top;childLayout=stackLayout;horizontal=1;startSize=26;horizontalStack=0;resizeParent=1;resizeParentMax=0;resizeLast=0;collapsible=1;marginBottom=0;whiteSpace=wrap;html=1;" value="AttemptAnswer" vertex="1">
          <mxGeometry height="120" width="160" x="330" y="-531" as="geometry" />
        </mxCell>
        <mxCell id="s9HYT241Uip0btderp6--82" parent="s9HYT241Uip0btderp6--81" style="text;strokeColor=none;fillColor=none;align=left;verticalAlign=top;spacingLeft=4;spacingRight=4;overflow=hidden;rotatable=0;points=[[0,0.5],[1,0.5]];portConstraint=eastwest;whiteSpace=wrap;html=1;" value="&lt;div&gt;- attemptAnswerId:&amp;nbsp;&lt;span style=&quot;background-color: transparent; color: light-dark(rgb(0, 0, 0), rgb(255, 255, 255));&quot;&gt;string&lt;/span&gt;&lt;/div&gt;&lt;div&gt;- attemptId:&amp;nbsp;&lt;span style=&quot;background-color: transparent; color: light-dark(rgb(0, 0, 0), rgb(255, 255, 255));&quot;&gt;string&lt;/span&gt;&lt;/div&gt;&lt;div&gt;- questionId:&amp;nbsp;&lt;span style=&quot;background-color: transparent; color: light-dark(rgb(0, 0, 0), rgb(255, 255, 255));&quot;&gt;string&lt;/span&gt;&lt;/div&gt;&lt;div&gt;- selectedOptionId: string?&lt;/div&gt;&lt;div&gt;- savedAt: DateTime&lt;/div&gt;" vertex="1">
          <mxGeometry height="94" width="160" y="26" as="geometry" />
        </mxCell>
        <mxCell id="s9HYT241Uip0btderp6--83" parent="1" style="swimlane;fontStyle=1;align=center;verticalAlign=top;childLayout=stackLayout;horizontal=1;startSize=26;horizontalStack=0;resizeParent=1;resizeParentMax=0;resizeLast=0;collapsible=1;marginBottom=0;whiteSpace=wrap;html=1;" value="Result" vertex="1">
          <mxGeometry height="170" width="160" x="640" y="-304" as="geometry" />
        </mxCell>
        <mxCell id="s9HYT241Uip0btderp6--84" parent="s9HYT241Uip0btderp6--83" style="text;strokeColor=none;fillColor=none;align=left;verticalAlign=top;spacingLeft=4;spacingRight=4;overflow=hidden;rotatable=0;points=[[0,0.5],[1,0.5]];portConstraint=eastwest;whiteSpace=wrap;html=1;" value="&lt;div&gt;- resultId:&amp;nbsp;&lt;span style=&quot;background-color: transparent; color: light-dark(rgb(0, 0, 0), rgb(255, 255, 255));&quot;&gt;string&lt;/span&gt;&lt;/div&gt;&lt;div&gt;- attemptId:&amp;nbsp;&lt;span style=&quot;background-color: transparent; color: light-dark(rgb(0, 0, 0), rgb(255, 255, 255));&quot;&gt;string&lt;/span&gt;&lt;/div&gt;&lt;div&gt;- totalScore: int&lt;/div&gt;&lt;div&gt;- correctCount: int&lt;/div&gt;&lt;div&gt;- incorrectCount: int&lt;/div&gt;&lt;div&gt;- completionTimeSeconds: int&lt;/div&gt;&lt;div&gt;- isVisible: boolean&lt;/div&gt;&lt;div&gt;- releasedAt: DateTime?&lt;/div&gt;" vertex="1">
          <mxGeometry height="144" width="160" y="26" as="geometry" />
        </mxCell>
        <mxCell id="s9HYT241Uip0btderp6--85" parent="1" style="swimlane;fontStyle=1;align=center;verticalAlign=top;childLayout=stackLayout;horizontal=1;startSize=26;horizontalStack=0;resizeParent=1;resizeParentMax=0;resizeLast=0;collapsible=1;marginBottom=0;whiteSpace=wrap;html=1;" value="AuditLog" vertex="1">
          <mxGeometry height="140" width="160" x="320" y="-1086" as="geometry" />
        </mxCell>
        <mxCell id="s9HYT241Uip0btderp6--86" parent="s9HYT241Uip0btderp6--85" style="text;strokeColor=none;fillColor=none;align=left;verticalAlign=top;spacingLeft=4;spacingRight=4;overflow=hidden;rotatable=0;points=[[0,0.5],[1,0.5]];portConstraint=eastwest;whiteSpace=wrap;html=1;" value="&lt;div&gt;- auditLogId: string&lt;/div&gt;&lt;div&gt;- adminId:&amp;nbsp;&lt;span style=&quot;background-color: transparent; color: light-dark(rgb(0, 0, 0), rgb(255, 255, 255));&quot;&gt;string&lt;/span&gt;&lt;/div&gt;&lt;div&gt;- action: AuditAction&lt;/div&gt;&lt;div&gt;- targetType: String&lt;/div&gt;&lt;div&gt;- targetId: string?&lt;/div&gt;&lt;div&gt;- timestamp: DateTime&lt;/div&gt;&lt;div&gt;- details: String?&lt;/div&gt;&lt;div&gt;&lt;br&gt;&lt;/div&gt;" vertex="1">
          <mxGeometry height="114" width="160" y="26" as="geometry" />
        </mxCell>
        <mxCell id="s9HYT241Uip0btderp6--87" parent="1" style="swimlane;fontStyle=1;align=center;verticalAlign=top;childLayout=stackLayout;horizontal=1;startSize=26;horizontalStack=0;resizeParent=1;resizeParentMax=0;resizeLast=0;collapsible=1;marginBottom=0;whiteSpace=wrap;html=1;" value="ReportService" vertex="1">
          <mxGeometry height="72" width="240" x="1070" y="-352" as="geometry" />
        </mxCell>
        <mxCell id="s9HYT241Uip0btderp6--88" parent="s9HYT241Uip0btderp6--87" style="text;strokeColor=none;fillColor=none;align=left;verticalAlign=top;spacingLeft=4;spacingRight=4;overflow=hidden;rotatable=0;points=[[0,0.5],[1,0.5]];portConstraint=eastwest;whiteSpace=wrap;html=1;" value="&lt;div&gt;+ listAttempts(quizId: UUID): Attempt&lt;/div&gt;&lt;div&gt;+ exportAttemptsCSV(quizId: UUID): CSV&lt;/div&gt;" vertex="1">
          <mxGeometry height="46" width="240" y="26" as="geometry" />
        </mxCell>
        <mxCell id="s9HYT241Uip0btderp6--89" parent="1" style="text;html=1;whiteSpace=wrap;strokeColor=none;fillColor=none;align=center;verticalAlign=middle;rounded=0;rotation=0;" value="(role=TEACHER)" vertex="1">
          <mxGeometry height="30" width="100" x="75" y="-600" as="geometry" />
        </mxCell>
        <mxCell id="s9HYT241Uip0btderp6--90" edge="1" parent="1" source="s9HYT241Uip0btderp6--61" style="endArrow=none;html=1;rounded=0;exitX=0.5;exitY=0;exitDx=0;exitDy=0;entryX=0.5;entryY=1;entryDx=0;entryDy=0;" target="s9HYT241Uip0btderp6--89" value="">
          <mxGeometry height="50" relative="1" width="50" as="geometry">
            <Array as="points" />
            <mxPoint x="280" y="-530" as="sourcePoint" />
            <mxPoint x="135" y="-610" as="targetPoint" />
          </mxGeometry>
        </mxCell>
        <mxCell id="s9HYT241Uip0btderp6--91" edge="1" parent="1" source="s9HYT241Uip0btderp6--65" style="endArrow=diamondThin;endFill=1;endSize=24;html=1;rounded=0;exitX=0.5;exitY=0;exitDx=0;exitDy=0;entryX=0.25;entryY=0;entryDx=0;entryDy=0;" target="s9HYT241Uip0btderp6--104" value="">
          <mxGeometry relative="1" width="160" as="geometry">
            <mxPoint x="125" y="-290" as="sourcePoint" />
            <mxPoint x="10" y="-190" as="targetPoint" />
          </mxGeometry>
        </mxCell>
        <mxCell id="s9HYT241Uip0btderp6--92" edge="1" parent="1" source="s9HYT241Uip0btderp6--64" style="endArrow=none;html=1;rounded=0;entryX=0;entryY=0.5;entryDx=0;entryDy=0;exitX=0.866;exitY=0.984;exitDx=0;exitDy=0;exitPerimeter=0;" target="s9HYT241Uip0btderp6--72" value="">
          <mxGeometry height="50" relative="1" width="50" as="geometry">
            <Array as="points">
              <mxPoint x="217" y="-232" />
            </Array>
            <mxPoint x="220" y="-230" as="sourcePoint" />
            <mxPoint x="240" y="-290" as="targetPoint" />
          </mxGeometry>
        </mxCell>
        <mxCell id="s9HYT241Uip0btderp6--93" edge="1" parent="1" source="s9HYT241Uip0btderp6--72" style="endArrow=none;html=1;rounded=0;entryX=0.498;entryY=1.073;entryDx=0;entryDy=0;entryPerimeter=0;exitX=0.63;exitY=1.018;exitDx=0;exitDy=0;exitPerimeter=0;" target="s9HYT241Uip0btderp6--70" value="">
          <mxGeometry height="50" relative="1" width="50" as="geometry">
            <Array as="points">
              <mxPoint x="411" y="-120" />
              <mxPoint x="950" y="-120" />
            </Array>
            <mxPoint x="470" y="-190" as="sourcePoint" />
            <mxPoint x="290" y="-270" as="targetPoint" />
          </mxGeometry>
        </mxCell>
        <mxCell id="s9HYT241Uip0btderp6--94" edge="1" parent="1" source="s9HYT241Uip0btderp6--117" style="endArrow=none;html=1;rounded=0;exitX=1;exitY=0.5;exitDx=0;exitDy=0;entryX=-0.007;entryY=0.629;entryDx=0;entryDy=0;entryPerimeter=0;" target="s9HYT241Uip0btderp6--74" value="">
          <mxGeometry height="50" relative="1" width="50" as="geometry">
            <mxPoint x="380" y="-757" as="sourcePoint" />
            <mxPoint x="490" y="-753" as="targetPoint" />
          </mxGeometry>
        </mxCell>
        <mxCell id="s9HYT241Uip0btderp6--95" edge="1" parent="1" style="endArrow=none;html=1;rounded=0;entryX=1;entryY=0.5;entryDx=0;entryDy=0;" target="s9HYT241Uip0btderp6--74" value="">
          <mxGeometry height="50" relative="1" width="50" as="geometry">
            <mxPoint x="830" y="-768" as="sourcePoint" />
            <mxPoint x="1010" y="-690" as="targetPoint" />
          </mxGeometry>
        </mxCell>
        <mxCell id="s9HYT241Uip0btderp6--97" edge="1" parent="1" source="s9HYT241Uip0btderp6--83" style="endArrow=none;html=1;rounded=0;exitX=0.5;exitY=0;exitDx=0;exitDy=0;entryX=0.503;entryY=1.058;entryDx=0;entryDy=0;entryPerimeter=0;" target="s9HYT241Uip0btderp6--80" value="">
          <mxGeometry height="50" relative="1" width="50" as="geometry">
            <mxPoint x="710" y="210" as="sourcePoint" />
            <mxPoint x="610" y="-280" as="targetPoint" />
          </mxGeometry>
        </mxCell>
        <mxCell id="s9HYT241Uip0btderp6--99" edge="1" parent="1" source="s9HYT241Uip0btderp6--134" style="endArrow=none;html=1;rounded=0;entryX=0.508;entryY=1.003;entryDx=0;entryDy=0;entryPerimeter=0;exitX=0.572;exitY=1.012;exitDx=0;exitDy=0;exitPerimeter=0;" target="s9HYT241Uip0btderp6--86" value="">
          <mxGeometry height="50" relative="1" width="50" as="geometry">
            <Array as="points">
              <mxPoint x="401" y="-890" />
            </Array>
            <mxPoint x="150" y="-920" as="sourcePoint" />
            <mxPoint x="570" y="-1016" as="targetPoint" />
          </mxGeometry>
        </mxCell>
        <mxCell id="s9HYT241Uip0btderp6--100" edge="1" parent="1" source="s9HYT241Uip0btderp6--130" style="endArrow=none;html=1;rounded=0;exitX=0.391;exitY=1.018;exitDx=0;exitDy=0;entryX=0;entryY=0.5;entryDx=0;entryDy=0;exitPerimeter=0;" value="">
          <mxGeometry height="50" relative="1" width="50" as="geometry">
            <mxPoint x="250" y="-430" as="sourcePoint" />
            <mxPoint x="330" y="-428" as="targetPoint" />
          </mxGeometry>
        </mxCell>
        <mxCell id="s9HYT241Uip0btderp6--101" edge="1" parent="1" source="s9HYT241Uip0btderp6--60" style="endArrow=none;html=1;rounded=0;exitX=0.478;exitY=1.025;exitDx=0;exitDy=0;exitPerimeter=0;entryX=0.297;entryY=0.007;entryDx=0;entryDy=0;entryPerimeter=0;" target="s9HYT241Uip0btderp6--53" value="">
          <mxGeometry height="50" relative="1" width="50" as="geometry">
            <mxPoint x="260" y="-1010" as="sourcePoint" />
            <mxPoint x="440" y="-1010" as="targetPoint" />
          </mxGeometry>
        </mxCell>
        <mxCell id="s9HYT241Uip0btderp6--102" parent="1" style="text;html=1;whiteSpace=wrap;strokeColor=none;fillColor=none;align=center;verticalAlign=middle;rounded=0;" value="1" vertex="1">
          <mxGeometry height="30" width="60" x="80" y="-580" as="geometry" />
        </mxCell>
        <mxCell id="s9HYT241Uip0btderp6--103" parent="1" style="text;html=1;whiteSpace=wrap;strokeColor=none;fillColor=none;align=center;verticalAlign=middle;rounded=0;" value="0..*" vertex="1">
          <mxGeometry height="30" width="60" x="80" y="-486" as="geometry" />
        </mxCell>
        <mxCell id="s9HYT241Uip0btderp6--104" parent="1" style="text;html=1;whiteSpace=wrap;strokeColor=none;fillColor=none;align=center;verticalAlign=middle;rounded=0;" value="1" vertex="1">
          <mxGeometry height="30" width="60" x="110" y="-270" as="geometry" />
        </mxCell>
        <mxCell id="s9HYT241Uip0btderp6--105" parent="1" style="text;html=1;whiteSpace=wrap;strokeColor=none;fillColor=none;align=center;verticalAlign=middle;rounded=0;" value="4" vertex="1">
          <mxGeometry height="30" width="60" x="115" y="-220" as="geometry" />
        </mxCell>
        <mxCell id="s9HYT241Uip0btderp6--106" edge="1" parent="1" source="s9HYT241Uip0btderp6--108" style="endArrow=none;html=1;rounded=0;exitX=1;exitY=0.5;exitDx=0;exitDy=0;entryX=0.011;entryY=0.085;entryDx=0;entryDy=0;entryPerimeter=0;" target="s9HYT241Uip0btderp6--67" value="">
          <mxGeometry height="50" relative="1" width="50" as="geometry">
            <mxPoint x="560" y="-900" as="sourcePoint" />
            <mxPoint x="610" y="-950" as="targetPoint" />
          </mxGeometry>
        </mxCell>
        <mxCell id="s9HYT241Uip0btderp6--107" edge="1" parent="1" source="s9HYT241Uip0btderp6--53" style="endArrow=none;html=1;rounded=0;exitX=1.002;exitY=0.044;exitDx=0;exitDy=0;exitPerimeter=0;entryX=0.011;entryY=0.085;entryDx=0;entryDy=0;entryPerimeter=0;" target="s9HYT241Uip0btderp6--108" value="">
          <mxGeometry height="50" relative="1" width="50" as="geometry">
            <mxPoint x="281" y="-858" as="sourcePoint" />
            <mxPoint x="833" y="-861" as="targetPoint" />
          </mxGeometry>
        </mxCell>
        <mxCell id="s9HYT241Uip0btderp6--108" parent="1" style="text;html=1;whiteSpace=wrap;strokeColor=none;fillColor=none;align=center;verticalAlign=middle;rounded=0;rotation=0;" value="(role=TEACHER)" vertex="1">
          <mxGeometry height="30" width="100" x="280" y="-874" as="geometry" />
        </mxCell>
        <mxCell id="s9HYT241Uip0btderp6--109" parent="1" style="text;html=1;whiteSpace=wrap;strokeColor=none;fillColor=none;align=center;verticalAlign=middle;rounded=0;" value="1" vertex="1">
          <mxGeometry height="30" width="60" x="365" y="-884" as="geometry" />
        </mxCell>
        <mxCell id="s9HYT241Uip0btderp6--110" parent="1" style="text;html=1;whiteSpace=wrap;strokeColor=none;fillColor=none;align=center;verticalAlign=middle;rounded=0;" value="0..*" vertex="1">
          <mxGeometry height="30" width="60" x="780" y="-884" as="geometry" />
        </mxCell>
        <mxCell id="s9HYT241Uip0btderp6--111" parent="1" style="text;html=1;whiteSpace=wrap;strokeColor=none;fillColor=none;align=center;verticalAlign=middle;rounded=0;" value="1" vertex="1">
          <mxGeometry height="30" width="60" x="930" y="-656" as="geometry" />
        </mxCell>
        <mxCell id="s9HYT241Uip0btderp6--112" parent="1" style="text;html=1;whiteSpace=wrap;strokeColor=none;fillColor=none;align=center;verticalAlign=middle;rounded=0;" value="1..*" vertex="1">
          <mxGeometry height="30" width="60" x="395" y="-190" as="geometry" />
        </mxCell>
        <mxCell id="s9HYT241Uip0btderp6--113" parent="1" style="text;html=1;whiteSpace=wrap;strokeColor=none;fillColor=none;align=center;verticalAlign=middle;rounded=0;" value="1" vertex="1">
          <mxGeometry height="30" width="60" x="200" y="-270" as="geometry" />
        </mxCell>
        <mxCell id="s9HYT241Uip0btderp6--114" parent="1" style="text;html=1;whiteSpace=wrap;strokeColor=none;fillColor=none;align=center;verticalAlign=middle;rounded=0;" value="0..*" vertex="1">
          <mxGeometry height="30" width="60" x="270" y="-230" as="geometry" />
        </mxCell>
        <mxCell id="s9HYT241Uip0btderp6--115" parent="1" style="text;html=1;whiteSpace=wrap;strokeColor=none;fillColor=none;align=center;verticalAlign=middle;rounded=0;" value="1" vertex="1">
          <mxGeometry height="20" width="30" x="800" y="-785" as="geometry" />
        </mxCell>
        <mxCell id="s9HYT241Uip0btderp6--116" parent="1" style="text;html=1;whiteSpace=wrap;strokeColor=none;fillColor=none;align=center;verticalAlign=middle;rounded=0;" value="0..*" vertex="1">
          <mxGeometry height="30" width="60" x="720" y="-790" as="geometry" />
        </mxCell>
        <mxCell id="s9HYT241Uip0btderp6--117" parent="1" style="text;html=1;whiteSpace=wrap;strokeColor=none;fillColor=none;align=center;verticalAlign=middle;rounded=0;rotation=0;" value="(role=STUDENT)" vertex="1">
          <mxGeometry height="30" width="100" x="280" y="-770" as="geometry" />
        </mxCell>
        <mxCell id="s9HYT241Uip0btderp6--118" parent="1" style="text;html=1;whiteSpace=wrap;strokeColor=none;fillColor=none;align=center;verticalAlign=middle;rounded=0;" value="1" vertex="1">
          <mxGeometry height="17" width="25" x="375" y="-776.5" as="geometry" />
        </mxCell>
        <mxCell id="s9HYT241Uip0btderp6--119" parent="1" style="text;html=1;whiteSpace=wrap;strokeColor=none;fillColor=none;align=center;verticalAlign=middle;rounded=0;" value="0..*" vertex="1">
          <mxGeometry height="20" width="30" x="460" y="-776.5" as="geometry" />
        </mxCell>
        <mxCell id="s9HYT241Uip0btderp6--120" parent="1" style="text;html=1;whiteSpace=wrap;strokeColor=none;fillColor=none;align=center;verticalAlign=middle;rounded=0;rotation=0;" value="(role=STUDENT)" vertex="1">
          <mxGeometry height="30" width="100" x="280" y="-640" as="geometry" />
        </mxCell>
        <mxCell id="s9HYT241Uip0btderp6--121" edge="1" parent="1" source="s9HYT241Uip0btderp6--120" style="endArrow=none;html=1;rounded=0;exitX=1;exitY=0.5;exitDx=0;exitDy=0;entryX=0.5;entryY=0;entryDx=0;entryDy=0;" target="s9HYT241Uip0btderp6--77" value="">
          <mxGeometry height="50" relative="1" width="50" as="geometry">
            <Array as="points">
              <mxPoint x="720" y="-625" />
            </Array>
            <mxPoint x="420" y="-590" as="sourcePoint" />
            <mxPoint x="470" y="-640" as="targetPoint" />
          </mxGeometry>
        </mxCell>
        <mxCell id="s9HYT241Uip0btderp6--122" parent="1" style="text;html=1;whiteSpace=wrap;strokeColor=none;fillColor=none;align=center;verticalAlign=middle;rounded=0;" value="1" vertex="1">
          <mxGeometry height="30" width="60" x="360" y="-656" as="geometry" />
        </mxCell>
        <mxCell id="s9HYT241Uip0btderp6--123" parent="1" style="text;html=1;whiteSpace=wrap;strokeColor=none;fillColor=none;align=center;verticalAlign=middle;rounded=0;" value="0..*" vertex="1">
          <mxGeometry height="30" width="60" x="670" y="-600" as="geometry" />
        </mxCell>
        <mxCell id="s9HYT241Uip0btderp6--124" edge="1" parent="1" source="s9HYT241Uip0btderp6--77" style="endArrow=none;html=1;rounded=0;exitX=0.75;exitY=0;exitDx=0;exitDy=0;" target="s9HYT241Uip0btderp6--70" value="">
          <mxGeometry height="50" relative="1" width="50" as="geometry">
            <mxPoint x="800" y="-590" as="sourcePoint" />
            <mxPoint x="850" y="-640" as="targetPoint" />
          </mxGeometry>
        </mxCell>
        <mxCell id="s9HYT241Uip0btderp6--125" parent="1" style="text;html=1;whiteSpace=wrap;strokeColor=none;fillColor=none;align=center;verticalAlign=middle;rounded=0;" value="1" vertex="1">
          <mxGeometry height="30" width="60" x="900" y="-656" as="geometry" />
        </mxCell>
        <mxCell id="s9HYT241Uip0btderp6--126" parent="1" style="text;html=1;whiteSpace=wrap;strokeColor=none;fillColor=none;align=center;verticalAlign=middle;rounded=0;" value="0..*" vertex="1">
          <mxGeometry height="20" width="40" x="760" y="-595" as="geometry" />
        </mxCell>
        <mxCell id="s9HYT241Uip0btderp6--127" edge="1" parent="1" style="endArrow=diamondThin;endFill=1;endSize=24;html=1;rounded=0;exitX=1;exitY=0.5;exitDx=0;exitDy=0;entryX=1.001;entryY=0.896;entryDx=0;entryDy=0;entryPerimeter=0;" target="s9HYT241Uip0btderp6--128" value="">
          <mxGeometry relative="1" width="160" as="geometry">
            <mxPoint x="490.0000000000001" y="-428" as="sourcePoint" />
            <mxPoint x="590" y="-429.96399999999994" as="targetPoint" />
          </mxGeometry>
        </mxCell>
        <mxCell id="s9HYT241Uip0btderp6--128" parent="1" style="text;html=1;whiteSpace=wrap;strokeColor=none;fillColor=none;align=center;verticalAlign=middle;rounded=0;" value="1" vertex="1">
          <mxGeometry height="30" width="60" x="530" y="-456" as="geometry" />
        </mxCell>
        <mxCell id="s9HYT241Uip0btderp6--129" parent="1" style="text;html=1;whiteSpace=wrap;strokeColor=none;fillColor=none;align=center;verticalAlign=middle;rounded=0;" value="1..*" vertex="1">
          <mxGeometry height="30" width="60" x="470" y="-456" as="geometry" />
        </mxCell>
        <mxCell id="s9HYT241Uip0btderp6--130" parent="1" style="text;html=1;whiteSpace=wrap;strokeColor=none;fillColor=none;align=center;verticalAlign=middle;rounded=0;" value="1" vertex="1">
          <mxGeometry height="22" width="50" x="230" y="-450" as="geometry" />
        </mxCell>
        <mxCell id="s9HYT241Uip0btderp6--131" parent="1" style="text;html=1;whiteSpace=wrap;strokeColor=none;fillColor=none;align=center;verticalAlign=middle;rounded=0;" value="0..*" vertex="1">
          <mxGeometry height="30" width="60" x="290" y="-456" as="geometry" />
        </mxCell>
        <mxCell id="s9HYT241Uip0btderp6--132" parent="1" style="text;html=1;whiteSpace=wrap;strokeColor=none;fillColor=none;align=center;verticalAlign=middle;rounded=0;" value="1" vertex="1">
          <mxGeometry height="30" width="60" x="700" y="-361" as="geometry" />
        </mxCell>
        <mxCell id="s9HYT241Uip0btderp6--133" parent="1" style="text;html=1;whiteSpace=wrap;strokeColor=none;fillColor=none;align=center;verticalAlign=middle;rounded=0;" value="0..1" vertex="1">
          <mxGeometry height="30" width="60" x="670" y="-331" as="geometry" />
        </mxCell>
        <mxCell id="s9HYT241Uip0btderp6--134" parent="1" style="text;html=1;whiteSpace=wrap;strokeColor=none;fillColor=none;align=center;verticalAlign=middle;rounded=0;" value="1" vertex="1">
          <mxGeometry height="30" width="60" x="250" y="-914" as="geometry" />
        </mxCell>
        <mxCell id="s9HYT241Uip0btderp6--135" parent="1" style="text;html=1;whiteSpace=wrap;strokeColor=none;fillColor=none;align=center;verticalAlign=middle;rounded=0;" value="0.." vertex="1">
          <mxGeometry height="30" width="60" x="395" y="-946" as="geometry" />
        </mxCell>
        <mxCell id="s9HYT241Uip0btderp6--136" parent="1" style="text;whiteSpace=wrap;" value="(role=ADMIN)" vertex="1">
          <mxGeometry height="30" width="70" x="190" y="-900" as="geometry" />
        </mxCell>
        <mxCell id="s9HYT241Uip0btderp6--138" parent="1" style="shape=note;whiteSpace=wrap;html=1;backgroundOutline=1;darkOpacity=0.05;" value="NOTE:&#xa;Result visibility depends on Quiz.resultVisibility (ResultVisibility enum),&#xa;not stored directly in Result." vertex="1">
          <mxGeometry height="150" width="149" x="1140" y="-1100" as="geometry" />
        </mxCell>
      </root>
    </mxGraphModel>
  </diagram>
</mxfile>
