<?xml version="1.0" encoding="UTF-8"?>
<mxfile host="app.diagrams.net" agent="Mozilla/5.0 (Windows NT 10.0; Win64; x64) AppleWebKit/537.36 (KHTML, like Gecko) Chrome/143.0.0.0 Safari/537.36" version="29.2.10">
  <diagram name="Page-1" id="W--9edF5vrcpD4sjnJj8">
    <mxGraphModel dx="1603" dy="872" grid="1" gridSize="10" guides="1" tooltips="1" connect="1" arrows="1" fold="1" page="1" pageScale="1" pageWidth="850" pageHeight="1100" math="0" shadow="0">
      <root>
        <mxCell id="0" />
        <mxCell id="1" parent="0" />
        <mxCell id="Hxy6pOwvvo1rwIf-dP2S-1" parent="1" style="shape=table;startSize=30;container=1;collapsible=1;childLayout=tableLayout;fixedRows=1;rowLines=0;fontStyle=1;align=center;resizeLast=1;html=1;" value="User" vertex="1">
          <mxGeometry height="320" width="250" x="20" y="20" as="geometry" />
        </mxCell>
        <mxCell id="Hxy6pOwvvo1rwIf-dP2S-2" parent="Hxy6pOwvvo1rwIf-dP2S-1" style="shape=tableRow;horizontal=0;startSize=0;swimlaneHead=0;swimlaneBody=0;fillColor=none;collapsible=0;dropTarget=0;points=[[0,0.5],[1,0.5]];portConstraint=eastwest;top=0;left=0;right=0;bottom=1;" value="" vertex="1">
          <mxGeometry height="30" width="250" y="30" as="geometry" />
        </mxCell>
        <mxCell id="Hxy6pOwvvo1rwIf-dP2S-3" parent="Hxy6pOwvvo1rwIf-dP2S-2" style="shape=partialRectangle;connectable=0;fillColor=none;top=0;left=0;bottom=0;right=0;fontStyle=1;overflow=hidden;whiteSpace=wrap;html=1;" value="PK" vertex="1">
          <mxGeometry height="30" width="30" as="geometry">
            <mxRectangle height="30" width="30" as="alternateBounds" />
          </mxGeometry>
        </mxCell>
        <mxCell id="Hxy6pOwvvo1rwIf-dP2S-4" parent="Hxy6pOwvvo1rwIf-dP2S-2" style="shape=partialRectangle;connectable=0;fillColor=none;top=0;left=0;bottom=0;right=0;align=left;spacingLeft=6;fontStyle=5;overflow=hidden;whiteSpace=wrap;html=1;" value="ID: UUID" vertex="1">
          <mxGeometry height="30" width="220" x="30" as="geometry">
            <mxRectangle height="30" width="220" as="alternateBounds" />
          </mxGeometry>
        </mxCell>
        <mxCell id="Hxy6pOwvvo1rwIf-dP2S-5" parent="Hxy6pOwvvo1rwIf-dP2S-1" style="shape=tableRow;horizontal=0;startSize=0;swimlaneHead=0;swimlaneBody=0;fillColor=none;collapsible=0;dropTarget=0;points=[[0,0.5],[1,0.5]];portConstraint=eastwest;top=0;left=0;right=0;bottom=0;" value="" vertex="1">
          <mxGeometry height="30" width="250" y="60" as="geometry" />
        </mxCell>
        <mxCell id="Hxy6pOwvvo1rwIf-dP2S-6" parent="Hxy6pOwvvo1rwIf-dP2S-5" style="shape=partialRectangle;connectable=0;fillColor=none;top=0;left=0;bottom=0;right=0;editable=1;overflow=hidden;whiteSpace=wrap;html=1;" value="" vertex="1">
          <mxGeometry height="30" width="30" as="geometry">
            <mxRectangle height="30" width="30" as="alternateBounds" />
          </mxGeometry>
        </mxCell>
        <mxCell id="Hxy6pOwvvo1rwIf-dP2S-7" parent="Hxy6pOwvvo1rwIf-dP2S-5" style="shape=partialRectangle;connectable=0;fillColor=none;top=0;left=0;bottom=0;right=0;align=left;spacingLeft=6;overflow=hidden;whiteSpace=wrap;html=1;" value="Username:&amp;nbsp; varchar(20) UNIQUE" vertex="1">
          <mxGeometry height="30" width="220" x="30" as="geometry">
            <mxRectangle height="30" width="220" as="alternateBounds" />
          </mxGeometry>
        </mxCell>
        <mxCell id="Hxy6pOwvvo1rwIf-dP2S-8" parent="Hxy6pOwvvo1rwIf-dP2S-1" style="shape=tableRow;horizontal=0;startSize=0;swimlaneHead=0;swimlaneBody=0;fillColor=none;collapsible=0;dropTarget=0;points=[[0,0.5],[1,0.5]];portConstraint=eastwest;top=0;left=0;right=0;bottom=0;" value="" vertex="1">
          <mxGeometry height="30" width="250" y="90" as="geometry" />
        </mxCell>
        <mxCell id="Hxy6pOwvvo1rwIf-dP2S-9" parent="Hxy6pOwvvo1rwIf-dP2S-8" style="shape=partialRectangle;connectable=0;fillColor=none;top=0;left=0;bottom=0;right=0;editable=1;overflow=hidden;whiteSpace=wrap;html=1;" value="" vertex="1">
          <mxGeometry height="30" width="30" as="geometry">
            <mxRectangle height="30" width="30" as="alternateBounds" />
          </mxGeometry>
        </mxCell>
        <mxCell id="Hxy6pOwvvo1rwIf-dP2S-10" parent="Hxy6pOwvvo1rwIf-dP2S-8" style="shape=partialRectangle;connectable=0;fillColor=none;top=0;left=0;bottom=0;right=0;align=left;spacingLeft=6;overflow=hidden;whiteSpace=wrap;html=1;" value="FirstName: varchar(20)" vertex="1">
          <mxGeometry height="30" width="220" x="30" as="geometry">
            <mxRectangle height="30" width="220" as="alternateBounds" />
          </mxGeometry>
        </mxCell>
        <mxCell id="Hxy6pOwvvo1rwIf-dP2S-11" parent="Hxy6pOwvvo1rwIf-dP2S-1" style="shape=tableRow;horizontal=0;startSize=0;swimlaneHead=0;swimlaneBody=0;fillColor=none;collapsible=0;dropTarget=0;points=[[0,0.5],[1,0.5]];portConstraint=eastwest;top=0;left=0;right=0;bottom=0;" value="" vertex="1">
          <mxGeometry height="30" width="250" y="120" as="geometry" />
        </mxCell>
        <mxCell id="Hxy6pOwvvo1rwIf-dP2S-12" parent="Hxy6pOwvvo1rwIf-dP2S-11" style="shape=partialRectangle;connectable=0;fillColor=none;top=0;left=0;bottom=0;right=0;editable=1;overflow=hidden;whiteSpace=wrap;html=1;" value="" vertex="1">
          <mxGeometry height="30" width="30" as="geometry">
            <mxRectangle height="30" width="30" as="alternateBounds" />
          </mxGeometry>
        </mxCell>
        <mxCell id="Hxy6pOwvvo1rwIf-dP2S-13" parent="Hxy6pOwvvo1rwIf-dP2S-11" style="shape=partialRectangle;connectable=0;fillColor=none;top=0;left=0;bottom=0;right=0;align=left;spacingLeft=6;overflow=hidden;whiteSpace=wrap;html=1;" value="LastName: varchar(30)" vertex="1">
          <mxGeometry height="30" width="220" x="30" as="geometry">
            <mxRectangle height="30" width="220" as="alternateBounds" />
          </mxGeometry>
        </mxCell>
        <mxCell id="kTAyDUtRgu52o12CEb7L-1" parent="Hxy6pOwvvo1rwIf-dP2S-1" style="shape=tableRow;horizontal=0;startSize=0;swimlaneHead=0;swimlaneBody=0;fillColor=none;collapsible=0;dropTarget=0;points=[[0,0.5],[1,0.5]];portConstraint=eastwest;top=0;left=0;right=0;bottom=0;" value="" vertex="1">
          <mxGeometry height="30" width="250" y="150" as="geometry" />
        </mxCell>
        <mxCell id="kTAyDUtRgu52o12CEb7L-2" parent="kTAyDUtRgu52o12CEb7L-1" style="shape=partialRectangle;connectable=0;fillColor=none;top=0;left=0;bottom=0;right=0;editable=1;overflow=hidden;" value="" vertex="1">
          <mxGeometry height="30" width="30" as="geometry">
            <mxRectangle height="30" width="30" as="alternateBounds" />
          </mxGeometry>
        </mxCell>
        <mxCell id="kTAyDUtRgu52o12CEb7L-3" parent="kTAyDUtRgu52o12CEb7L-1" style="shape=partialRectangle;connectable=0;fillColor=none;top=0;left=0;bottom=0;right=0;align=left;spacingLeft=6;overflow=hidden;" value="Password_hash: varchar(255)" vertex="1">
          <mxGeometry height="30" width="220" x="30" as="geometry">
            <mxRectangle height="30" width="220" as="alternateBounds" />
          </mxGeometry>
        </mxCell>
        <mxCell id="kTAyDUtRgu52o12CEb7L-7" parent="Hxy6pOwvvo1rwIf-dP2S-1" style="shape=tableRow;horizontal=0;startSize=0;swimlaneHead=0;swimlaneBody=0;fillColor=none;collapsible=0;dropTarget=0;points=[[0,0.5],[1,0.5]];portConstraint=eastwest;top=0;left=0;right=0;bottom=0;" value="" vertex="1">
          <mxGeometry height="30" width="250" y="180" as="geometry" />
        </mxCell>
        <mxCell id="kTAyDUtRgu52o12CEb7L-8" parent="kTAyDUtRgu52o12CEb7L-7" style="shape=partialRectangle;connectable=0;fillColor=none;top=0;left=0;bottom=0;right=0;editable=1;overflow=hidden;" value="" vertex="1">
          <mxGeometry height="30" width="30" as="geometry">
            <mxRectangle height="30" width="30" as="alternateBounds" />
          </mxGeometry>
        </mxCell>
        <mxCell id="kTAyDUtRgu52o12CEb7L-9" parent="kTAyDUtRgu52o12CEb7L-7" style="shape=partialRectangle;connectable=0;fillColor=none;top=0;left=0;bottom=0;right=0;align=left;spacingLeft=6;overflow=hidden;" value="Role: enum(&#39;Admin&#39;,&#39;Teacher&#39;,&#39;Student&#39;)" vertex="1">
          <mxGeometry height="30" width="220" x="30" as="geometry">
            <mxRectangle height="30" width="220" as="alternateBounds" />
          </mxGeometry>
        </mxCell>
        <mxCell id="kTAyDUtRgu52o12CEb7L-4" parent="Hxy6pOwvvo1rwIf-dP2S-1" style="shape=tableRow;horizontal=0;startSize=0;swimlaneHead=0;swimlaneBody=0;fillColor=none;collapsible=0;dropTarget=0;points=[[0,0.5],[1,0.5]];portConstraint=eastwest;top=0;left=0;right=0;bottom=0;" value="" vertex="1">
          <mxGeometry height="30" width="250" y="210" as="geometry" />
        </mxCell>
        <mxCell id="kTAyDUtRgu52o12CEb7L-5" parent="kTAyDUtRgu52o12CEb7L-4" style="shape=partialRectangle;connectable=0;fillColor=none;top=0;left=0;bottom=0;right=0;editable=1;overflow=hidden;" value="" vertex="1">
          <mxGeometry height="30" width="30" as="geometry">
            <mxRectangle height="30" width="30" as="alternateBounds" />
          </mxGeometry>
        </mxCell>
        <mxCell id="kTAyDUtRgu52o12CEb7L-6" parent="kTAyDUtRgu52o12CEb7L-4" style="shape=partialRectangle;connectable=0;fillColor=none;top=0;left=0;bottom=0;right=0;align=left;spacingLeft=6;overflow=hidden;" value="Is_Active: boolean default true" vertex="1">
          <mxGeometry height="30" width="220" x="30" as="geometry">
            <mxRectangle height="30" width="220" as="alternateBounds" />
          </mxGeometry>
        </mxCell>
        <mxCell id="kTAyDUtRgu52o12CEb7L-10" parent="Hxy6pOwvvo1rwIf-dP2S-1" style="shape=tableRow;horizontal=0;startSize=0;swimlaneHead=0;swimlaneBody=0;fillColor=none;collapsible=0;dropTarget=0;points=[[0,0.5],[1,0.5]];portConstraint=eastwest;top=0;left=0;right=0;bottom=0;" value="" vertex="1">
          <mxGeometry height="30" width="250" y="240" as="geometry" />
        </mxCell>
        <mxCell id="kTAyDUtRgu52o12CEb7L-11" parent="kTAyDUtRgu52o12CEb7L-10" style="shape=partialRectangle;connectable=0;fillColor=none;top=0;left=0;bottom=0;right=0;editable=1;overflow=hidden;" value="" vertex="1">
          <mxGeometry height="30" width="30" as="geometry">
            <mxRectangle height="30" width="30" as="alternateBounds" />
          </mxGeometry>
        </mxCell>
        <mxCell id="kTAyDUtRgu52o12CEb7L-12" parent="kTAyDUtRgu52o12CEb7L-10" style="shape=partialRectangle;connectable=0;fillColor=none;top=0;left=0;bottom=0;right=0;align=left;spacingLeft=6;overflow=hidden;" value="Failed_Attempt: int default 0" vertex="1">
          <mxGeometry height="30" width="220" x="30" as="geometry">
            <mxRectangle height="30" width="220" as="alternateBounds" />
          </mxGeometry>
        </mxCell>
        <mxCell id="kTAyDUtRgu52o12CEb7L-16" parent="Hxy6pOwvvo1rwIf-dP2S-1" style="shape=tableRow;horizontal=0;startSize=0;swimlaneHead=0;swimlaneBody=0;fillColor=none;collapsible=0;dropTarget=0;points=[[0,0.5],[1,0.5]];portConstraint=eastwest;top=0;left=0;right=0;bottom=0;" value="" vertex="1">
          <mxGeometry height="30" width="250" y="270" as="geometry" />
        </mxCell>
        <mxCell id="kTAyDUtRgu52o12CEb7L-17" parent="kTAyDUtRgu52o12CEb7L-16" style="shape=partialRectangle;connectable=0;fillColor=none;top=0;left=0;bottom=0;right=0;editable=1;overflow=hidden;" value="" vertex="1">
          <mxGeometry height="30" width="30" as="geometry">
            <mxRectangle height="30" width="30" as="alternateBounds" />
          </mxGeometry>
        </mxCell>
        <mxCell id="kTAyDUtRgu52o12CEb7L-18" parent="kTAyDUtRgu52o12CEb7L-16" style="shape=partialRectangle;connectable=0;fillColor=none;top=0;left=0;bottom=0;right=0;align=left;spacingLeft=6;overflow=hidden;" value="Lock_Until: timestamp" vertex="1">
          <mxGeometry height="30" width="220" x="30" as="geometry">
            <mxRectangle height="30" width="220" as="alternateBounds" />
          </mxGeometry>
        </mxCell>
        <mxCell id="kTAyDUtRgu52o12CEb7L-13" parent="Hxy6pOwvvo1rwIf-dP2S-1" style="shape=tableRow;horizontal=0;startSize=0;swimlaneHead=0;swimlaneBody=0;fillColor=none;collapsible=0;dropTarget=0;points=[[0,0.5],[1,0.5]];portConstraint=eastwest;top=0;left=0;right=0;bottom=0;" value="" vertex="1">
          <mxGeometry height="20" width="250" y="300" as="geometry" />
        </mxCell>
        <mxCell id="kTAyDUtRgu52o12CEb7L-14" parent="kTAyDUtRgu52o12CEb7L-13" style="shape=partialRectangle;connectable=0;fillColor=none;top=0;left=0;bottom=0;right=0;editable=1;overflow=hidden;" value="" vertex="1">
          <mxGeometry height="20" width="30" as="geometry">
            <mxRectangle height="20" width="30" as="alternateBounds" />
          </mxGeometry>
        </mxCell>
        <mxCell id="kTAyDUtRgu52o12CEb7L-15" parent="kTAyDUtRgu52o12CEb7L-13" style="shape=partialRectangle;connectable=0;fillColor=none;top=0;left=0;bottom=0;right=0;align=left;spacingLeft=6;overflow=hidden;" value="" vertex="1">
          <mxGeometry height="20" width="220" x="30" as="geometry">
            <mxRectangle height="20" width="220" as="alternateBounds" />
          </mxGeometry>
        </mxCell>
        <mxCell id="Hxy6pOwvvo1rwIf-dP2S-14" parent="1" style="shape=table;startSize=30;container=1;collapsible=1;childLayout=tableLayout;fixedRows=1;rowLines=0;fontStyle=1;align=center;resizeLast=1;html=1;" value="Question" vertex="1">
          <mxGeometry height="210" width="250" x="320" y="20" as="geometry" />
        </mxCell>
        <mxCell id="Hxy6pOwvvo1rwIf-dP2S-15" parent="Hxy6pOwvvo1rwIf-dP2S-14" style="shape=tableRow;horizontal=0;startSize=0;swimlaneHead=0;swimlaneBody=0;fillColor=none;collapsible=0;dropTarget=0;points=[[0,0.5],[1,0.5]];portConstraint=eastwest;top=0;left=0;right=0;bottom=1;" value="" vertex="1">
          <mxGeometry height="30" width="250" y="30" as="geometry" />
        </mxCell>
        <mxCell id="Hxy6pOwvvo1rwIf-dP2S-16" parent="Hxy6pOwvvo1rwIf-dP2S-15" style="shape=partialRectangle;connectable=0;fillColor=none;top=0;left=0;bottom=0;right=0;fontStyle=1;overflow=hidden;whiteSpace=wrap;html=1;" value="PK" vertex="1">
          <mxGeometry height="30" width="30" as="geometry">
            <mxRectangle height="30" width="30" as="alternateBounds" />
          </mxGeometry>
        </mxCell>
        <mxCell id="Hxy6pOwvvo1rwIf-dP2S-17" parent="Hxy6pOwvvo1rwIf-dP2S-15" style="shape=partialRectangle;connectable=0;fillColor=none;top=0;left=0;bottom=0;right=0;align=left;spacingLeft=6;fontStyle=5;overflow=hidden;whiteSpace=wrap;html=1;" value="ID: UUID" vertex="1">
          <mxGeometry height="30" width="220" x="30" as="geometry">
            <mxRectangle height="30" width="220" as="alternateBounds" />
          </mxGeometry>
        </mxCell>
        <mxCell id="kTAyDUtRgu52o12CEb7L-19" parent="Hxy6pOwvvo1rwIf-dP2S-14" style="shape=tableRow;horizontal=0;startSize=0;swimlaneHead=0;swimlaneBody=0;fillColor=none;collapsible=0;dropTarget=0;points=[[0,0.5],[1,0.5]];portConstraint=eastwest;top=0;left=0;right=0;bottom=0;" value="" vertex="1">
          <mxGeometry height="30" width="250" y="60" as="geometry" />
        </mxCell>
        <mxCell id="kTAyDUtRgu52o12CEb7L-20" parent="kTAyDUtRgu52o12CEb7L-19" style="shape=partialRectangle;connectable=0;fillColor=none;top=0;left=0;bottom=0;right=0;fontStyle=0;overflow=hidden;whiteSpace=wrap;html=1;" value="FK" vertex="1">
          <mxGeometry height="30" width="30" as="geometry">
            <mxRectangle height="30" width="30" as="alternateBounds" />
          </mxGeometry>
        </mxCell>
        <mxCell id="kTAyDUtRgu52o12CEb7L-21" parent="kTAyDUtRgu52o12CEb7L-19" style="shape=partialRectangle;connectable=0;fillColor=none;top=0;left=0;bottom=0;right=0;align=left;spacingLeft=6;fontStyle=0;overflow=hidden;whiteSpace=wrap;html=1;" value="TeacherID: UUID (User.ID)" vertex="1">
          <mxGeometry height="30" width="220" x="30" as="geometry">
            <mxRectangle height="30" width="220" as="alternateBounds" />
          </mxGeometry>
        </mxCell>
        <mxCell id="Hxy6pOwvvo1rwIf-dP2S-18" parent="Hxy6pOwvvo1rwIf-dP2S-14" style="shape=tableRow;horizontal=0;startSize=0;swimlaneHead=0;swimlaneBody=0;fillColor=none;collapsible=0;dropTarget=0;points=[[0,0.5],[1,0.5]];portConstraint=eastwest;top=0;left=0;right=0;bottom=0;" value="" vertex="1">
          <mxGeometry height="30" width="250" y="90" as="geometry" />
        </mxCell>
        <mxCell id="Hxy6pOwvvo1rwIf-dP2S-19" parent="Hxy6pOwvvo1rwIf-dP2S-18" style="shape=partialRectangle;connectable=0;fillColor=none;top=0;left=0;bottom=0;right=0;editable=1;overflow=hidden;whiteSpace=wrap;html=1;" value="" vertex="1">
          <mxGeometry height="30" width="30" as="geometry">
            <mxRectangle height="30" width="30" as="alternateBounds" />
          </mxGeometry>
        </mxCell>
        <mxCell id="Hxy6pOwvvo1rwIf-dP2S-20" parent="Hxy6pOwvvo1rwIf-dP2S-18" style="shape=partialRectangle;connectable=0;fillColor=none;top=0;left=0;bottom=0;right=0;align=left;spacingLeft=6;overflow=hidden;whiteSpace=wrap;html=1;" value="QuestionText: text" vertex="1">
          <mxGeometry height="30" width="220" x="30" as="geometry">
            <mxRectangle height="30" width="220" as="alternateBounds" />
          </mxGeometry>
        </mxCell>
        <mxCell id="Hxy6pOwvvo1rwIf-dP2S-21" parent="Hxy6pOwvvo1rwIf-dP2S-14" style="shape=tableRow;horizontal=0;startSize=0;swimlaneHead=0;swimlaneBody=0;fillColor=none;collapsible=0;dropTarget=0;points=[[0,0.5],[1,0.5]];portConstraint=eastwest;top=0;left=0;right=0;bottom=0;" value="" vertex="1">
          <mxGeometry height="30" width="250" y="120" as="geometry" />
        </mxCell>
        <mxCell id="Hxy6pOwvvo1rwIf-dP2S-22" parent="Hxy6pOwvvo1rwIf-dP2S-21" style="shape=partialRectangle;connectable=0;fillColor=none;top=0;left=0;bottom=0;right=0;editable=1;overflow=hidden;whiteSpace=wrap;html=1;" value="" vertex="1">
          <mxGeometry height="30" width="30" as="geometry">
            <mxRectangle height="30" width="30" as="alternateBounds" />
          </mxGeometry>
        </mxCell>
        <mxCell id="Hxy6pOwvvo1rwIf-dP2S-23" parent="Hxy6pOwvvo1rwIf-dP2S-21" style="shape=partialRectangle;connectable=0;fillColor=none;top=0;left=0;bottom=0;right=0;align=left;spacingLeft=6;overflow=hidden;whiteSpace=wrap;html=1;" value="Difficulty: enum(&#39;easy&#39;, &#39;medium&#39;, &#39;hard&#39;)" vertex="1">
          <mxGeometry height="30" width="220" x="30" as="geometry">
            <mxRectangle height="30" width="220" as="alternateBounds" />
          </mxGeometry>
        </mxCell>
        <mxCell id="kTAyDUtRgu52o12CEb7L-22" parent="Hxy6pOwvvo1rwIf-dP2S-14" style="shape=tableRow;horizontal=0;startSize=0;swimlaneHead=0;swimlaneBody=0;fillColor=none;collapsible=0;dropTarget=0;points=[[0,0.5],[1,0.5]];portConstraint=eastwest;top=0;left=0;right=0;bottom=0;" value="" vertex="1">
          <mxGeometry height="30" width="250" y="150" as="geometry" />
        </mxCell>
        <mxCell id="kTAyDUtRgu52o12CEb7L-23" parent="kTAyDUtRgu52o12CEb7L-22" style="shape=partialRectangle;connectable=0;fillColor=none;top=0;left=0;bottom=0;right=0;editable=1;overflow=hidden;" value="" vertex="1">
          <mxGeometry height="30" width="30" as="geometry">
            <mxRectangle height="30" width="30" as="alternateBounds" />
          </mxGeometry>
        </mxCell>
        <mxCell id="kTAyDUtRgu52o12CEb7L-24" parent="kTAyDUtRgu52o12CEb7L-22" style="shape=partialRectangle;connectable=0;fillColor=none;top=0;left=0;bottom=0;right=0;align=left;spacingLeft=6;overflow=hidden;" value="Topic: varchar(50)" vertex="1">
          <mxGeometry height="30" width="220" x="30" as="geometry">
            <mxRectangle height="30" width="220" as="alternateBounds" />
          </mxGeometry>
        </mxCell>
        <mxCell id="Hxy6pOwvvo1rwIf-dP2S-24" parent="Hxy6pOwvvo1rwIf-dP2S-14" style="shape=tableRow;horizontal=0;startSize=0;swimlaneHead=0;swimlaneBody=0;fillColor=none;collapsible=0;dropTarget=0;points=[[0,0.5],[1,0.5]];portConstraint=eastwest;top=0;left=0;right=0;bottom=0;" value="" vertex="1">
          <mxGeometry height="30" width="250" y="180" as="geometry" />
        </mxCell>
        <mxCell id="Hxy6pOwvvo1rwIf-dP2S-25" parent="Hxy6pOwvvo1rwIf-dP2S-24" style="shape=partialRectangle;connectable=0;fillColor=none;top=0;left=0;bottom=0;right=0;editable=1;overflow=hidden;whiteSpace=wrap;html=1;" value="" vertex="1">
          <mxGeometry height="30" width="30" as="geometry">
            <mxRectangle height="30" width="30" as="alternateBounds" />
          </mxGeometry>
        </mxCell>
        <mxCell id="Hxy6pOwvvo1rwIf-dP2S-26" parent="Hxy6pOwvvo1rwIf-dP2S-24" style="shape=partialRectangle;connectable=0;fillColor=none;top=0;left=0;bottom=0;right=0;align=left;spacingLeft=6;overflow=hidden;whiteSpace=wrap;html=1;" value="Created_at: timestamp" vertex="1">
          <mxGeometry height="30" width="220" x="30" as="geometry">
            <mxRectangle height="30" width="220" as="alternateBounds" />
          </mxGeometry>
        </mxCell>
        <mxCell id="Hxy6pOwvvo1rwIf-dP2S-27" parent="1" style="shape=table;startSize=30;container=1;collapsible=1;childLayout=tableLayout;fixedRows=1;rowLines=0;fontStyle=1;align=center;resizeLast=1;html=1;" value="QuestionOption" vertex="1">
          <mxGeometry height="170" width="180" x="622.5" y="20" as="geometry" />
        </mxCell>
        <mxCell id="Hxy6pOwvvo1rwIf-dP2S-28" parent="Hxy6pOwvvo1rwIf-dP2S-27" style="shape=tableRow;horizontal=0;startSize=0;swimlaneHead=0;swimlaneBody=0;fillColor=none;collapsible=0;dropTarget=0;points=[[0,0.5],[1,0.5]];portConstraint=eastwest;top=0;left=0;right=0;bottom=1;" value="" vertex="1">
          <mxGeometry height="30" width="180" y="30" as="geometry" />
        </mxCell>
        <mxCell id="Hxy6pOwvvo1rwIf-dP2S-29" parent="Hxy6pOwvvo1rwIf-dP2S-28" style="shape=partialRectangle;connectable=0;fillColor=none;top=0;left=0;bottom=0;right=0;fontStyle=1;overflow=hidden;whiteSpace=wrap;html=1;" value="PK" vertex="1">
          <mxGeometry height="30" width="30" as="geometry">
            <mxRectangle height="30" width="30" as="alternateBounds" />
          </mxGeometry>
        </mxCell>
        <mxCell id="Hxy6pOwvvo1rwIf-dP2S-30" parent="Hxy6pOwvvo1rwIf-dP2S-28" style="shape=partialRectangle;connectable=0;fillColor=none;top=0;left=0;bottom=0;right=0;align=left;spacingLeft=6;fontStyle=5;overflow=hidden;whiteSpace=wrap;html=1;" value="ID: UUID" vertex="1">
          <mxGeometry height="30" width="150" x="30" as="geometry">
            <mxRectangle height="30" width="150" as="alternateBounds" />
          </mxGeometry>
        </mxCell>
        <mxCell id="kTAyDUtRgu52o12CEb7L-25" parent="Hxy6pOwvvo1rwIf-dP2S-27" style="shape=tableRow;horizontal=0;startSize=0;swimlaneHead=0;swimlaneBody=0;fillColor=none;collapsible=0;dropTarget=0;points=[[0,0.5],[1,0.5]];portConstraint=eastwest;top=0;left=0;right=0;bottom=0;" value="" vertex="1">
          <mxGeometry height="30" width="180" y="60" as="geometry" />
        </mxCell>
        <mxCell id="kTAyDUtRgu52o12CEb7L-26" parent="kTAyDUtRgu52o12CEb7L-25" style="shape=partialRectangle;connectable=0;fillColor=none;top=0;left=0;bottom=0;right=0;fontStyle=0;overflow=hidden;whiteSpace=wrap;html=1;" value="FK" vertex="1">
          <mxGeometry height="30" width="30" as="geometry">
            <mxRectangle height="30" width="30" as="alternateBounds" />
          </mxGeometry>
        </mxCell>
        <mxCell id="kTAyDUtRgu52o12CEb7L-27" parent="kTAyDUtRgu52o12CEb7L-25" style="shape=partialRectangle;connectable=0;fillColor=none;top=0;left=0;bottom=0;right=0;align=left;spacingLeft=6;fontStyle=0;overflow=hidden;whiteSpace=wrap;html=1;" value="QustionID: UUID" vertex="1">
          <mxGeometry height="30" width="150" x="30" as="geometry">
            <mxRectangle height="30" width="150" as="alternateBounds" />
          </mxGeometry>
        </mxCell>
        <mxCell id="Hxy6pOwvvo1rwIf-dP2S-31" parent="Hxy6pOwvvo1rwIf-dP2S-27" style="shape=tableRow;horizontal=0;startSize=0;swimlaneHead=0;swimlaneBody=0;fillColor=none;collapsible=0;dropTarget=0;points=[[0,0.5],[1,0.5]];portConstraint=eastwest;top=0;left=0;right=0;bottom=0;" value="" vertex="1">
          <mxGeometry height="30" width="180" y="90" as="geometry" />
        </mxCell>
        <mxCell id="Hxy6pOwvvo1rwIf-dP2S-32" parent="Hxy6pOwvvo1rwIf-dP2S-31" style="shape=partialRectangle;connectable=0;fillColor=none;top=0;left=0;bottom=0;right=0;editable=1;overflow=hidden;whiteSpace=wrap;html=1;" value="" vertex="1">
          <mxGeometry height="30" width="30" as="geometry">
            <mxRectangle height="30" width="30" as="alternateBounds" />
          </mxGeometry>
        </mxCell>
        <mxCell id="Hxy6pOwvvo1rwIf-dP2S-33" parent="Hxy6pOwvvo1rwIf-dP2S-31" style="shape=partialRectangle;connectable=0;fillColor=none;top=0;left=0;bottom=0;right=0;align=left;spacingLeft=6;overflow=hidden;whiteSpace=wrap;html=1;" value="Option_text: text" vertex="1">
          <mxGeometry height="30" width="150" x="30" as="geometry">
            <mxRectangle height="30" width="150" as="alternateBounds" />
          </mxGeometry>
        </mxCell>
        <mxCell id="Hxy6pOwvvo1rwIf-dP2S-34" parent="Hxy6pOwvvo1rwIf-dP2S-27" style="shape=tableRow;horizontal=0;startSize=0;swimlaneHead=0;swimlaneBody=0;fillColor=none;collapsible=0;dropTarget=0;points=[[0,0.5],[1,0.5]];portConstraint=eastwest;top=0;left=0;right=0;bottom=0;" value="" vertex="1">
          <mxGeometry height="30" width="180" y="120" as="geometry" />
        </mxCell>
        <mxCell id="Hxy6pOwvvo1rwIf-dP2S-35" parent="Hxy6pOwvvo1rwIf-dP2S-34" style="shape=partialRectangle;connectable=0;fillColor=none;top=0;left=0;bottom=0;right=0;editable=1;overflow=hidden;whiteSpace=wrap;html=1;" value="" vertex="1">
          <mxGeometry height="30" width="30" as="geometry">
            <mxRectangle height="30" width="30" as="alternateBounds" />
          </mxGeometry>
        </mxCell>
        <mxCell id="Hxy6pOwvvo1rwIf-dP2S-36" parent="Hxy6pOwvvo1rwIf-dP2S-34" style="shape=partialRectangle;connectable=0;fillColor=none;top=0;left=0;bottom=0;right=0;align=left;spacingLeft=6;overflow=hidden;whiteSpace=wrap;html=1;" value="is_correct: boolean" vertex="1">
          <mxGeometry height="30" width="150" x="30" as="geometry">
            <mxRectangle height="30" width="150" as="alternateBounds" />
          </mxGeometry>
        </mxCell>
        <mxCell id="Hxy6pOwvvo1rwIf-dP2S-37" parent="Hxy6pOwvvo1rwIf-dP2S-27" style="shape=tableRow;horizontal=0;startSize=0;swimlaneHead=0;swimlaneBody=0;fillColor=none;collapsible=0;dropTarget=0;points=[[0,0.5],[1,0.5]];portConstraint=eastwest;top=0;left=0;right=0;bottom=0;" value="" vertex="1">
          <mxGeometry height="20" width="180" y="150" as="geometry" />
        </mxCell>
        <mxCell id="Hxy6pOwvvo1rwIf-dP2S-38" parent="Hxy6pOwvvo1rwIf-dP2S-37" style="shape=partialRectangle;connectable=0;fillColor=none;top=0;left=0;bottom=0;right=0;editable=1;overflow=hidden;whiteSpace=wrap;html=1;" value="" vertex="1">
          <mxGeometry height="20" width="30" as="geometry">
            <mxRectangle height="20" width="30" as="alternateBounds" />
          </mxGeometry>
        </mxCell>
        <mxCell id="Hxy6pOwvvo1rwIf-dP2S-39" parent="Hxy6pOwvvo1rwIf-dP2S-37" style="shape=partialRectangle;connectable=0;fillColor=none;top=0;left=0;bottom=0;right=0;align=left;spacingLeft=6;overflow=hidden;whiteSpace=wrap;html=1;" value="" vertex="1">
          <mxGeometry height="20" width="150" x="30" as="geometry">
            <mxRectangle height="20" width="150" as="alternateBounds" />
          </mxGeometry>
        </mxCell>
        <mxCell id="Hxy6pOwvvo1rwIf-dP2S-40" parent="1" style="shape=table;startSize=30;container=1;collapsible=1;childLayout=tableLayout;fixedRows=1;rowLines=0;fontStyle=1;align=center;resizeLast=1;html=1;" value="Quiz" vertex="1">
          <mxGeometry height="260" width="370" x="20" y="590" as="geometry" />
        </mxCell>
        <mxCell id="Hxy6pOwvvo1rwIf-dP2S-41" parent="Hxy6pOwvvo1rwIf-dP2S-40" style="shape=tableRow;horizontal=0;startSize=0;swimlaneHead=0;swimlaneBody=0;fillColor=none;collapsible=0;dropTarget=0;points=[[0,0.5],[1,0.5]];portConstraint=eastwest;top=0;left=0;right=0;bottom=1;" value="" vertex="1">
          <mxGeometry height="30" width="370" y="30" as="geometry" />
        </mxCell>
        <mxCell id="Hxy6pOwvvo1rwIf-dP2S-42" parent="Hxy6pOwvvo1rwIf-dP2S-41" style="shape=partialRectangle;connectable=0;fillColor=none;top=0;left=0;bottom=0;right=0;fontStyle=1;overflow=hidden;whiteSpace=wrap;html=1;" value="PK" vertex="1">
          <mxGeometry height="30" width="30" as="geometry">
            <mxRectangle height="30" width="30" as="alternateBounds" />
          </mxGeometry>
        </mxCell>
        <mxCell id="Hxy6pOwvvo1rwIf-dP2S-43" parent="Hxy6pOwvvo1rwIf-dP2S-41" style="shape=partialRectangle;connectable=0;fillColor=none;top=0;left=0;bottom=0;right=0;align=left;spacingLeft=6;fontStyle=5;overflow=hidden;whiteSpace=wrap;html=1;" value="QuizID" vertex="1">
          <mxGeometry height="30" width="340" x="30" as="geometry">
            <mxRectangle height="30" width="340" as="alternateBounds" />
          </mxGeometry>
        </mxCell>
        <mxCell id="kTAyDUtRgu52o12CEb7L-28" parent="Hxy6pOwvvo1rwIf-dP2S-40" style="shape=tableRow;horizontal=0;startSize=0;swimlaneHead=0;swimlaneBody=0;fillColor=none;collapsible=0;dropTarget=0;points=[[0,0.5],[1,0.5]];portConstraint=eastwest;top=0;left=0;right=0;bottom=0;" value="" vertex="1">
          <mxGeometry height="30" width="370" y="60" as="geometry" />
        </mxCell>
        <mxCell id="kTAyDUtRgu52o12CEb7L-29" parent="kTAyDUtRgu52o12CEb7L-28" style="shape=partialRectangle;connectable=0;fillColor=none;top=0;left=0;bottom=0;right=0;fontStyle=0;overflow=hidden;whiteSpace=wrap;html=1;" value="FK" vertex="1">
          <mxGeometry height="30" width="30" as="geometry">
            <mxRectangle height="30" width="30" as="alternateBounds" />
          </mxGeometry>
        </mxCell>
        <mxCell id="kTAyDUtRgu52o12CEb7L-30" parent="kTAyDUtRgu52o12CEb7L-28" style="shape=partialRectangle;connectable=0;fillColor=none;top=0;left=0;bottom=0;right=0;align=left;spacingLeft=6;fontStyle=0;overflow=hidden;whiteSpace=wrap;html=1;" value="TeacherID: UUID (User.ID)" vertex="1">
          <mxGeometry height="30" width="340" x="30" as="geometry">
            <mxRectangle height="30" width="340" as="alternateBounds" />
          </mxGeometry>
        </mxCell>
        <mxCell id="Hxy6pOwvvo1rwIf-dP2S-44" parent="Hxy6pOwvvo1rwIf-dP2S-40" style="shape=tableRow;horizontal=0;startSize=0;swimlaneHead=0;swimlaneBody=0;fillColor=none;collapsible=0;dropTarget=0;points=[[0,0.5],[1,0.5]];portConstraint=eastwest;top=0;left=0;right=0;bottom=0;" value="" vertex="1">
          <mxGeometry height="30" width="370" y="90" as="geometry" />
        </mxCell>
        <mxCell id="Hxy6pOwvvo1rwIf-dP2S-45" parent="Hxy6pOwvvo1rwIf-dP2S-44" style="shape=partialRectangle;connectable=0;fillColor=none;top=0;left=0;bottom=0;right=0;editable=1;overflow=hidden;whiteSpace=wrap;html=1;" value="" vertex="1">
          <mxGeometry height="30" width="30" as="geometry">
            <mxRectangle height="30" width="30" as="alternateBounds" />
          </mxGeometry>
        </mxCell>
        <mxCell id="Hxy6pOwvvo1rwIf-dP2S-46" parent="Hxy6pOwvvo1rwIf-dP2S-44" style="shape=partialRectangle;connectable=0;fillColor=none;top=0;left=0;bottom=0;right=0;align=left;spacingLeft=6;overflow=hidden;whiteSpace=wrap;html=1;" value="Title: varchar(50)" vertex="1">
          <mxGeometry height="30" width="340" x="30" as="geometry">
            <mxRectangle height="30" width="340" as="alternateBounds" />
          </mxGeometry>
        </mxCell>
        <mxCell id="Hxy6pOwvvo1rwIf-dP2S-47" parent="Hxy6pOwvvo1rwIf-dP2S-40" style="shape=tableRow;horizontal=0;startSize=0;swimlaneHead=0;swimlaneBody=0;fillColor=none;collapsible=0;dropTarget=0;points=[[0,0.5],[1,0.5]];portConstraint=eastwest;top=0;left=0;right=0;bottom=0;" value="" vertex="1">
          <mxGeometry height="30" width="370" y="120" as="geometry" />
        </mxCell>
        <mxCell id="Hxy6pOwvvo1rwIf-dP2S-48" parent="Hxy6pOwvvo1rwIf-dP2S-47" style="shape=partialRectangle;connectable=0;fillColor=none;top=0;left=0;bottom=0;right=0;editable=1;overflow=hidden;whiteSpace=wrap;html=1;" value="" vertex="1">
          <mxGeometry height="30" width="30" as="geometry">
            <mxRectangle height="30" width="30" as="alternateBounds" />
          </mxGeometry>
        </mxCell>
        <mxCell id="Hxy6pOwvvo1rwIf-dP2S-49" parent="Hxy6pOwvvo1rwIf-dP2S-47" style="shape=partialRectangle;connectable=0;fillColor=none;top=0;left=0;bottom=0;right=0;align=left;spacingLeft=6;overflow=hidden;whiteSpace=wrap;html=1;" value="Totalpoint: Decimal(5,2)" vertex="1">
          <mxGeometry height="30" width="340" x="30" as="geometry">
            <mxRectangle height="30" width="340" as="alternateBounds" />
          </mxGeometry>
        </mxCell>
        <mxCell id="kTAyDUtRgu52o12CEb7L-31" parent="Hxy6pOwvvo1rwIf-dP2S-40" style="shape=tableRow;horizontal=0;startSize=0;swimlaneHead=0;swimlaneBody=0;fillColor=none;collapsible=0;dropTarget=0;points=[[0,0.5],[1,0.5]];portConstraint=eastwest;top=0;left=0;right=0;bottom=0;" value="" vertex="1">
          <mxGeometry height="30" width="370" y="150" as="geometry" />
        </mxCell>
        <mxCell id="kTAyDUtRgu52o12CEb7L-32" parent="kTAyDUtRgu52o12CEb7L-31" style="shape=partialRectangle;connectable=0;fillColor=none;top=0;left=0;bottom=0;right=0;editable=1;overflow=hidden;" value="" vertex="1">
          <mxGeometry height="30" width="30" as="geometry">
            <mxRectangle height="30" width="30" as="alternateBounds" />
          </mxGeometry>
        </mxCell>
        <mxCell id="kTAyDUtRgu52o12CEb7L-33" parent="kTAyDUtRgu52o12CEb7L-31" style="shape=partialRectangle;connectable=0;fillColor=none;top=0;left=0;bottom=0;right=0;align=left;spacingLeft=6;overflow=hidden;" value="shuffle_question: boolean" vertex="1">
          <mxGeometry height="30" width="340" x="30" as="geometry">
            <mxRectangle height="30" width="340" as="alternateBounds" />
          </mxGeometry>
        </mxCell>
        <mxCell id="kTAyDUtRgu52o12CEb7L-34" parent="Hxy6pOwvvo1rwIf-dP2S-40" style="shape=tableRow;horizontal=0;startSize=0;swimlaneHead=0;swimlaneBody=0;fillColor=none;collapsible=0;dropTarget=0;points=[[0,0.5],[1,0.5]];portConstraint=eastwest;top=0;left=0;right=0;bottom=0;" value="" vertex="1">
          <mxGeometry height="30" width="370" y="180" as="geometry" />
        </mxCell>
        <mxCell id="kTAyDUtRgu52o12CEb7L-35" parent="kTAyDUtRgu52o12CEb7L-34" style="shape=partialRectangle;connectable=0;fillColor=none;top=0;left=0;bottom=0;right=0;editable=1;overflow=hidden;" value="" vertex="1">
          <mxGeometry height="30" width="30" as="geometry">
            <mxRectangle height="30" width="30" as="alternateBounds" />
          </mxGeometry>
        </mxCell>
        <mxCell id="kTAyDUtRgu52o12CEb7L-36" parent="kTAyDUtRgu52o12CEb7L-34" style="shape=partialRectangle;connectable=0;fillColor=none;top=0;left=0;bottom=0;right=0;align=left;spacingLeft=6;overflow=hidden;" value="shuffle_answer: boolean" vertex="1">
          <mxGeometry height="30" width="340" x="30" as="geometry">
            <mxRectangle height="30" width="340" as="alternateBounds" />
          </mxGeometry>
        </mxCell>
        <mxCell id="Hxy6pOwvvo1rwIf-dP2S-50" parent="Hxy6pOwvvo1rwIf-dP2S-40" style="shape=tableRow;horizontal=0;startSize=0;swimlaneHead=0;swimlaneBody=0;fillColor=none;collapsible=0;dropTarget=0;points=[[0,0.5],[1,0.5]];portConstraint=eastwest;top=0;left=0;right=0;bottom=0;" value="" vertex="1">
          <mxGeometry height="30" width="370" y="210" as="geometry" />
        </mxCell>
        <mxCell id="Hxy6pOwvvo1rwIf-dP2S-51" parent="Hxy6pOwvvo1rwIf-dP2S-50" style="shape=partialRectangle;connectable=0;fillColor=none;top=0;left=0;bottom=0;right=0;editable=1;overflow=hidden;whiteSpace=wrap;html=1;" value="" vertex="1">
          <mxGeometry height="30" width="30" as="geometry">
            <mxRectangle height="30" width="30" as="alternateBounds" />
          </mxGeometry>
        </mxCell>
        <mxCell id="Hxy6pOwvvo1rwIf-dP2S-52" parent="Hxy6pOwvvo1rwIf-dP2S-50" style="shape=partialRectangle;connectable=0;fillColor=none;top=0;left=0;bottom=0;right=0;align=left;spacingLeft=6;overflow=hidden;whiteSpace=wrap;html=1;" value="result_visibility: enum(&#39;immediate&#39;, &#39;after_end_time&#39;, &#39;manual&#39;)" vertex="1">
          <mxGeometry height="30" width="340" x="30" as="geometry">
            <mxRectangle height="30" width="340" as="alternateBounds" />
          </mxGeometry>
        </mxCell>
        <mxCell id="kTAyDUtRgu52o12CEb7L-37" parent="Hxy6pOwvvo1rwIf-dP2S-40" style="shape=tableRow;horizontal=0;startSize=0;swimlaneHead=0;swimlaneBody=0;fillColor=none;collapsible=0;dropTarget=0;points=[[0,0.5],[1,0.5]];portConstraint=eastwest;top=0;left=0;right=0;bottom=0;" value="" vertex="1">
          <mxGeometry height="20" width="370" y="240" as="geometry" />
        </mxCell>
        <mxCell id="kTAyDUtRgu52o12CEb7L-38" parent="kTAyDUtRgu52o12CEb7L-37" style="shape=partialRectangle;connectable=0;fillColor=none;top=0;left=0;bottom=0;right=0;editable=1;overflow=hidden;" value="" vertex="1">
          <mxGeometry height="20" width="30" as="geometry">
            <mxRectangle height="20" width="30" as="alternateBounds" />
          </mxGeometry>
        </mxCell>
        <mxCell id="kTAyDUtRgu52o12CEb7L-39" parent="kTAyDUtRgu52o12CEb7L-37" style="shape=partialRectangle;connectable=0;fillColor=none;top=0;left=0;bottom=0;right=0;align=left;spacingLeft=6;overflow=hidden;" value="" vertex="1">
          <mxGeometry height="20" width="340" x="30" as="geometry">
            <mxRectangle height="20" width="340" as="alternateBounds" />
          </mxGeometry>
        </mxCell>
        <mxCell id="Hxy6pOwvvo1rwIf-dP2S-53" parent="1" style="shape=table;startSize=30;container=1;collapsible=1;childLayout=tableLayout;fixedRows=1;rowLines=0;fontStyle=1;align=center;resizeLast=1;html=1;" value="Quiz_Question" vertex="1">
          <mxGeometry height="120" width="220" x="320" y="310" as="geometry" />
        </mxCell>
        <mxCell id="kTAyDUtRgu52o12CEb7L-99" parent="Hxy6pOwvvo1rwIf-dP2S-53" style="shape=tableRow;horizontal=0;startSize=0;swimlaneHead=0;swimlaneBody=0;fillColor=none;collapsible=0;dropTarget=0;points=[[0,0.5],[1,0.5]];portConstraint=eastwest;top=0;left=0;right=0;bottom=0;" value="" vertex="1">
          <mxGeometry height="30" width="220" y="30" as="geometry" />
        </mxCell>
        <mxCell id="kTAyDUtRgu52o12CEb7L-100" parent="kTAyDUtRgu52o12CEb7L-99" style="shape=partialRectangle;connectable=0;fillColor=none;top=0;left=0;bottom=0;right=0;fontStyle=0;overflow=hidden;whiteSpace=wrap;html=1;" value="FK" vertex="1">
          <mxGeometry height="30" width="30" as="geometry">
            <mxRectangle height="30" width="30" as="alternateBounds" />
          </mxGeometry>
        </mxCell>
        <mxCell id="kTAyDUtRgu52o12CEb7L-101" parent="kTAyDUtRgu52o12CEb7L-99" style="shape=partialRectangle;connectable=0;fillColor=none;top=0;left=0;bottom=0;right=0;align=left;spacingLeft=6;fontStyle=0;overflow=hidden;whiteSpace=wrap;html=1;" value="QuizID: UUID (Quiz.ID)" vertex="1">
          <mxGeometry height="30" width="190" x="30" as="geometry">
            <mxRectangle height="30" width="190" as="alternateBounds" />
          </mxGeometry>
        </mxCell>
        <mxCell id="kTAyDUtRgu52o12CEb7L-102" parent="Hxy6pOwvvo1rwIf-dP2S-53" style="shape=tableRow;horizontal=0;startSize=0;swimlaneHead=0;swimlaneBody=0;fillColor=none;collapsible=0;dropTarget=0;points=[[0,0.5],[1,0.5]];portConstraint=eastwest;top=0;left=0;right=0;bottom=0;" value="" vertex="1">
          <mxGeometry height="30" width="220" y="60" as="geometry" />
        </mxCell>
        <mxCell id="kTAyDUtRgu52o12CEb7L-103" parent="kTAyDUtRgu52o12CEb7L-102" style="shape=partialRectangle;connectable=0;fillColor=none;top=0;left=0;bottom=0;right=0;fontStyle=0;overflow=hidden;whiteSpace=wrap;html=1;" value="FK" vertex="1">
          <mxGeometry height="30" width="30" as="geometry">
            <mxRectangle height="30" width="30" as="alternateBounds" />
          </mxGeometry>
        </mxCell>
        <mxCell id="kTAyDUtRgu52o12CEb7L-104" parent="kTAyDUtRgu52o12CEb7L-102" style="shape=partialRectangle;connectable=0;fillColor=none;top=0;left=0;bottom=0;right=0;align=left;spacingLeft=6;fontStyle=0;overflow=hidden;whiteSpace=wrap;html=1;" value="QuestionID: UUID(Question.ID)" vertex="1">
          <mxGeometry height="30" width="190" x="30" as="geometry">
            <mxRectangle height="30" width="190" as="alternateBounds" />
          </mxGeometry>
        </mxCell>
        <mxCell id="kTAyDUtRgu52o12CEb7L-105" parent="Hxy6pOwvvo1rwIf-dP2S-53" style="shape=tableRow;horizontal=0;startSize=0;swimlaneHead=0;swimlaneBody=0;fillColor=none;collapsible=0;dropTarget=0;points=[[0,0.5],[1,0.5]];portConstraint=eastwest;top=0;left=0;right=0;bottom=0;" value="" vertex="1">
          <mxGeometry height="30" width="220" y="90" as="geometry" />
        </mxCell>
        <mxCell id="kTAyDUtRgu52o12CEb7L-106" parent="kTAyDUtRgu52o12CEb7L-105" style="shape=partialRectangle;connectable=0;fillColor=none;top=0;left=0;bottom=0;right=0;editable=1;overflow=hidden;" value="" vertex="1">
          <mxGeometry height="30" width="30" as="geometry">
            <mxRectangle height="30" width="30" as="alternateBounds" />
          </mxGeometry>
        </mxCell>
        <mxCell id="kTAyDUtRgu52o12CEb7L-107" parent="kTAyDUtRgu52o12CEb7L-105" style="shape=partialRectangle;connectable=0;fillColor=none;top=0;left=0;bottom=0;right=0;align=left;spacingLeft=6;overflow=hidden;" value="Weightage: decimal(5,2)" vertex="1">
          <mxGeometry height="30" width="190" x="30" as="geometry">
            <mxRectangle height="30" width="190" as="alternateBounds" />
          </mxGeometry>
        </mxCell>
        <mxCell id="kTAyDUtRgu52o12CEb7L-40" parent="1" style="shape=table;startSize=30;container=1;collapsible=1;childLayout=tableLayout;fixedRows=1;rowLines=0;fontStyle=1;align=center;resizeLast=1;html=1;" value="AssignmentQuiz" vertex="1">
          <mxGeometry height="180" width="190" x="602.5" y="270" as="geometry" />
        </mxCell>
        <mxCell id="kTAyDUtRgu52o12CEb7L-41" parent="kTAyDUtRgu52o12CEb7L-40" style="shape=tableRow;horizontal=0;startSize=0;swimlaneHead=0;swimlaneBody=0;fillColor=none;collapsible=0;dropTarget=0;points=[[0,0.5],[1,0.5]];portConstraint=eastwest;top=0;left=0;right=0;bottom=1;" value="" vertex="1">
          <mxGeometry height="30" width="190" y="30" as="geometry" />
        </mxCell>
        <mxCell id="kTAyDUtRgu52o12CEb7L-42" parent="kTAyDUtRgu52o12CEb7L-41" style="shape=partialRectangle;connectable=0;fillColor=none;top=0;left=0;bottom=0;right=0;fontStyle=1;overflow=hidden;whiteSpace=wrap;html=1;" value="PK" vertex="1">
          <mxGeometry height="30" width="30" as="geometry">
            <mxRectangle height="30" width="30" as="alternateBounds" />
          </mxGeometry>
        </mxCell>
        <mxCell id="kTAyDUtRgu52o12CEb7L-43" parent="kTAyDUtRgu52o12CEb7L-41" style="shape=partialRectangle;connectable=0;fillColor=none;top=0;left=0;bottom=0;right=0;align=left;spacingLeft=6;fontStyle=5;overflow=hidden;whiteSpace=wrap;html=1;" value="ID" vertex="1">
          <mxGeometry height="30" width="160" x="30" as="geometry">
            <mxRectangle height="30" width="160" as="alternateBounds" />
          </mxGeometry>
        </mxCell>
        <mxCell id="kTAyDUtRgu52o12CEb7L-108" parent="kTAyDUtRgu52o12CEb7L-40" style="shape=tableRow;horizontal=0;startSize=0;swimlaneHead=0;swimlaneBody=0;fillColor=none;collapsible=0;dropTarget=0;points=[[0,0.5],[1,0.5]];portConstraint=eastwest;top=0;left=0;right=0;bottom=0;" value="" vertex="1">
          <mxGeometry height="30" width="190" y="60" as="geometry" />
        </mxCell>
        <mxCell id="kTAyDUtRgu52o12CEb7L-109" parent="kTAyDUtRgu52o12CEb7L-108" style="shape=partialRectangle;connectable=0;fillColor=none;top=0;left=0;bottom=0;right=0;fontStyle=0;overflow=hidden;whiteSpace=wrap;html=1;" value="FK" vertex="1">
          <mxGeometry height="30" width="30" as="geometry">
            <mxRectangle height="30" width="30" as="alternateBounds" />
          </mxGeometry>
        </mxCell>
        <mxCell id="kTAyDUtRgu52o12CEb7L-110" parent="kTAyDUtRgu52o12CEb7L-108" style="shape=partialRectangle;connectable=0;fillColor=none;top=0;left=0;bottom=0;right=0;align=left;spacingLeft=6;fontStyle=0;overflow=hidden;whiteSpace=wrap;html=1;" value="QuizID: UUID (Quiz.ID)" vertex="1">
          <mxGeometry height="30" width="160" x="30" as="geometry">
            <mxRectangle height="30" width="160" as="alternateBounds" />
          </mxGeometry>
        </mxCell>
        <mxCell id="kTAyDUtRgu52o12CEb7L-111" parent="kTAyDUtRgu52o12CEb7L-40" style="shape=tableRow;horizontal=0;startSize=0;swimlaneHead=0;swimlaneBody=0;fillColor=none;collapsible=0;dropTarget=0;points=[[0,0.5],[1,0.5]];portConstraint=eastwest;top=0;left=0;right=0;bottom=0;" value="" vertex="1">
          <mxGeometry height="30" width="190" y="90" as="geometry" />
        </mxCell>
        <mxCell id="kTAyDUtRgu52o12CEb7L-112" parent="kTAyDUtRgu52o12CEb7L-111" style="shape=partialRectangle;connectable=0;fillColor=none;top=0;left=0;bottom=0;right=0;fontStyle=0;overflow=hidden;whiteSpace=wrap;html=1;" value="FK" vertex="1">
          <mxGeometry height="30" width="30" as="geometry">
            <mxRectangle height="30" width="30" as="alternateBounds" />
          </mxGeometry>
        </mxCell>
        <mxCell id="kTAyDUtRgu52o12CEb7L-113" parent="kTAyDUtRgu52o12CEb7L-111" style="shape=partialRectangle;connectable=0;fillColor=none;top=0;left=0;bottom=0;right=0;align=left;spacingLeft=6;fontStyle=0;overflow=hidden;whiteSpace=wrap;html=1;" value="StudentID: UUID (User.ID)" vertex="1">
          <mxGeometry height="30" width="160" x="30" as="geometry">
            <mxRectangle height="30" width="160" as="alternateBounds" />
          </mxGeometry>
        </mxCell>
        <mxCell id="kTAyDUtRgu52o12CEb7L-47" parent="kTAyDUtRgu52o12CEb7L-40" style="shape=tableRow;horizontal=0;startSize=0;swimlaneHead=0;swimlaneBody=0;fillColor=none;collapsible=0;dropTarget=0;points=[[0,0.5],[1,0.5]];portConstraint=eastwest;top=0;left=0;right=0;bottom=0;" value="" vertex="1">
          <mxGeometry height="30" width="190" y="120" as="geometry" />
        </mxCell>
        <mxCell id="kTAyDUtRgu52o12CEb7L-48" parent="kTAyDUtRgu52o12CEb7L-47" style="shape=partialRectangle;connectable=0;fillColor=none;top=0;left=0;bottom=0;right=0;editable=1;overflow=hidden;whiteSpace=wrap;html=1;" value="" vertex="1">
          <mxGeometry height="30" width="30" as="geometry">
            <mxRectangle height="30" width="30" as="alternateBounds" />
          </mxGeometry>
        </mxCell>
        <mxCell id="kTAyDUtRgu52o12CEb7L-49" parent="kTAyDUtRgu52o12CEb7L-47" style="shape=partialRectangle;connectable=0;fillColor=none;top=0;left=0;bottom=0;right=0;align=left;spacingLeft=6;overflow=hidden;whiteSpace=wrap;html=1;" value="Start_time: timestamp" vertex="1">
          <mxGeometry height="30" width="160" x="30" as="geometry">
            <mxRectangle height="30" width="160" as="alternateBounds" />
          </mxGeometry>
        </mxCell>
        <mxCell id="kTAyDUtRgu52o12CEb7L-50" parent="kTAyDUtRgu52o12CEb7L-40" style="shape=tableRow;horizontal=0;startSize=0;swimlaneHead=0;swimlaneBody=0;fillColor=none;collapsible=0;dropTarget=0;points=[[0,0.5],[1,0.5]];portConstraint=eastwest;top=0;left=0;right=0;bottom=0;" value="" vertex="1">
          <mxGeometry height="30" width="190" y="150" as="geometry" />
        </mxCell>
        <mxCell id="kTAyDUtRgu52o12CEb7L-51" parent="kTAyDUtRgu52o12CEb7L-50" style="shape=partialRectangle;connectable=0;fillColor=none;top=0;left=0;bottom=0;right=0;editable=1;overflow=hidden;whiteSpace=wrap;html=1;" value="" vertex="1">
          <mxGeometry height="30" width="30" as="geometry">
            <mxRectangle height="30" width="30" as="alternateBounds" />
          </mxGeometry>
        </mxCell>
        <mxCell id="kTAyDUtRgu52o12CEb7L-52" parent="kTAyDUtRgu52o12CEb7L-50" style="shape=partialRectangle;connectable=0;fillColor=none;top=0;left=0;bottom=0;right=0;align=left;spacingLeft=6;overflow=hidden;whiteSpace=wrap;html=1;" value="End_time: timestamp" vertex="1">
          <mxGeometry height="30" width="160" x="30" as="geometry">
            <mxRectangle height="30" width="160" as="alternateBounds" />
          </mxGeometry>
        </mxCell>
        <mxCell id="kTAyDUtRgu52o12CEb7L-53" parent="1" style="shape=table;startSize=30;container=1;collapsible=1;childLayout=tableLayout;fixedRows=1;rowLines=0;fontStyle=1;align=center;resizeLast=1;html=1;" value="Attempt" vertex="1">
          <mxGeometry height="210" width="235" x="580" y="570" as="geometry" />
        </mxCell>
        <mxCell id="kTAyDUtRgu52o12CEb7L-54" parent="kTAyDUtRgu52o12CEb7L-53" style="shape=tableRow;horizontal=0;startSize=0;swimlaneHead=0;swimlaneBody=0;fillColor=none;collapsible=0;dropTarget=0;points=[[0,0.5],[1,0.5]];portConstraint=eastwest;top=0;left=0;right=0;bottom=1;" value="" vertex="1">
          <mxGeometry height="30" width="235" y="30" as="geometry" />
        </mxCell>
        <mxCell id="kTAyDUtRgu52o12CEb7L-55" parent="kTAyDUtRgu52o12CEb7L-54" style="shape=partialRectangle;connectable=0;fillColor=none;top=0;left=0;bottom=0;right=0;fontStyle=1;overflow=hidden;whiteSpace=wrap;html=1;" value="PK" vertex="1">
          <mxGeometry height="30" width="30" as="geometry">
            <mxRectangle height="30" width="30" as="alternateBounds" />
          </mxGeometry>
        </mxCell>
        <mxCell id="kTAyDUtRgu52o12CEb7L-56" parent="kTAyDUtRgu52o12CEb7L-54" style="shape=partialRectangle;connectable=0;fillColor=none;top=0;left=0;bottom=0;right=0;align=left;spacingLeft=6;fontStyle=5;overflow=hidden;whiteSpace=wrap;html=1;" value="ID: UUID" vertex="1">
          <mxGeometry height="30" width="205" x="30" as="geometry">
            <mxRectangle height="30" width="205" as="alternateBounds" />
          </mxGeometry>
        </mxCell>
        <mxCell id="kTAyDUtRgu52o12CEb7L-114" parent="kTAyDUtRgu52o12CEb7L-53" style="shape=tableRow;horizontal=0;startSize=0;swimlaneHead=0;swimlaneBody=0;fillColor=none;collapsible=0;dropTarget=0;points=[[0,0.5],[1,0.5]];portConstraint=eastwest;top=0;left=0;right=0;bottom=0;" value="" vertex="1">
          <mxGeometry height="30" width="235" y="60" as="geometry" />
        </mxCell>
        <mxCell id="kTAyDUtRgu52o12CEb7L-115" parent="kTAyDUtRgu52o12CEb7L-114" style="shape=partialRectangle;connectable=0;fillColor=none;top=0;left=0;bottom=0;right=0;fontStyle=0;overflow=hidden;whiteSpace=wrap;html=1;" value="FK" vertex="1">
          <mxGeometry height="30" width="30" as="geometry">
            <mxRectangle height="30" width="30" as="alternateBounds" />
          </mxGeometry>
        </mxCell>
        <mxCell id="kTAyDUtRgu52o12CEb7L-116" parent="kTAyDUtRgu52o12CEb7L-114" style="shape=partialRectangle;connectable=0;fillColor=none;top=0;left=0;bottom=0;right=0;align=left;spacingLeft=6;fontStyle=0;overflow=hidden;whiteSpace=wrap;html=1;" value="QuizID: UUID (Quiz.ID)" vertex="1">
          <mxGeometry height="30" width="205" x="30" as="geometry">
            <mxRectangle height="30" width="205" as="alternateBounds" />
          </mxGeometry>
        </mxCell>
        <mxCell id="kTAyDUtRgu52o12CEb7L-117" parent="kTAyDUtRgu52o12CEb7L-53" style="shape=tableRow;horizontal=0;startSize=0;swimlaneHead=0;swimlaneBody=0;fillColor=none;collapsible=0;dropTarget=0;points=[[0,0.5],[1,0.5]];portConstraint=eastwest;top=0;left=0;right=0;bottom=0;" value="" vertex="1">
          <mxGeometry height="30" width="235" y="90" as="geometry" />
        </mxCell>
        <mxCell id="kTAyDUtRgu52o12CEb7L-118" parent="kTAyDUtRgu52o12CEb7L-117" style="shape=partialRectangle;connectable=0;fillColor=none;top=0;left=0;bottom=0;right=0;fontStyle=0;overflow=hidden;whiteSpace=wrap;html=1;" value="FK" vertex="1">
          <mxGeometry height="30" width="30" as="geometry">
            <mxRectangle height="30" width="30" as="alternateBounds" />
          </mxGeometry>
        </mxCell>
        <mxCell id="kTAyDUtRgu52o12CEb7L-119" parent="kTAyDUtRgu52o12CEb7L-117" style="shape=partialRectangle;connectable=0;fillColor=none;top=0;left=0;bottom=0;right=0;align=left;spacingLeft=6;fontStyle=0;overflow=hidden;whiteSpace=wrap;html=1;" value="StudentID: UUID (User.ID)" vertex="1">
          <mxGeometry height="30" width="205" x="30" as="geometry">
            <mxRectangle height="30" width="205" as="alternateBounds" />
          </mxGeometry>
        </mxCell>
        <mxCell id="kTAyDUtRgu52o12CEb7L-57" parent="kTAyDUtRgu52o12CEb7L-53" style="shape=tableRow;horizontal=0;startSize=0;swimlaneHead=0;swimlaneBody=0;fillColor=none;collapsible=0;dropTarget=0;points=[[0,0.5],[1,0.5]];portConstraint=eastwest;top=0;left=0;right=0;bottom=0;" value="" vertex="1">
          <mxGeometry height="30" width="235" y="120" as="geometry" />
        </mxCell>
        <mxCell id="kTAyDUtRgu52o12CEb7L-58" parent="kTAyDUtRgu52o12CEb7L-57" style="shape=partialRectangle;connectable=0;fillColor=none;top=0;left=0;bottom=0;right=0;editable=1;overflow=hidden;whiteSpace=wrap;html=1;" value="" vertex="1">
          <mxGeometry height="30" width="30" as="geometry">
            <mxRectangle height="30" width="30" as="alternateBounds" />
          </mxGeometry>
        </mxCell>
        <mxCell id="kTAyDUtRgu52o12CEb7L-59" parent="kTAyDUtRgu52o12CEb7L-57" style="shape=partialRectangle;connectable=0;fillColor=none;top=0;left=0;bottom=0;right=0;align=left;spacingLeft=6;overflow=hidden;whiteSpace=wrap;html=1;" value="Start_at: timestamp" vertex="1">
          <mxGeometry height="30" width="205" x="30" as="geometry">
            <mxRectangle height="30" width="205" as="alternateBounds" />
          </mxGeometry>
        </mxCell>
        <mxCell id="kTAyDUtRgu52o12CEb7L-60" parent="kTAyDUtRgu52o12CEb7L-53" style="shape=tableRow;horizontal=0;startSize=0;swimlaneHead=0;swimlaneBody=0;fillColor=none;collapsible=0;dropTarget=0;points=[[0,0.5],[1,0.5]];portConstraint=eastwest;top=0;left=0;right=0;bottom=0;" value="" vertex="1">
          <mxGeometry height="30" width="235" y="150" as="geometry" />
        </mxCell>
        <mxCell id="kTAyDUtRgu52o12CEb7L-61" parent="kTAyDUtRgu52o12CEb7L-60" style="shape=partialRectangle;connectable=0;fillColor=none;top=0;left=0;bottom=0;right=0;editable=1;overflow=hidden;whiteSpace=wrap;html=1;" value="" vertex="1">
          <mxGeometry height="30" width="30" as="geometry">
            <mxRectangle height="30" width="30" as="alternateBounds" />
          </mxGeometry>
        </mxCell>
        <mxCell id="kTAyDUtRgu52o12CEb7L-62" parent="kTAyDUtRgu52o12CEb7L-60" style="shape=partialRectangle;connectable=0;fillColor=none;top=0;left=0;bottom=0;right=0;align=left;spacingLeft=6;overflow=hidden;whiteSpace=wrap;html=1;" value="Submit_at: timestamp" vertex="1">
          <mxGeometry height="30" width="205" x="30" as="geometry">
            <mxRectangle height="30" width="205" as="alternateBounds" />
          </mxGeometry>
        </mxCell>
        <mxCell id="kTAyDUtRgu52o12CEb7L-63" parent="kTAyDUtRgu52o12CEb7L-53" style="shape=tableRow;horizontal=0;startSize=0;swimlaneHead=0;swimlaneBody=0;fillColor=none;collapsible=0;dropTarget=0;points=[[0,0.5],[1,0.5]];portConstraint=eastwest;top=0;left=0;right=0;bottom=0;" value="" vertex="1">
          <mxGeometry height="30" width="235" y="180" as="geometry" />
        </mxCell>
        <mxCell id="kTAyDUtRgu52o12CEb7L-64" parent="kTAyDUtRgu52o12CEb7L-63" style="shape=partialRectangle;connectable=0;fillColor=none;top=0;left=0;bottom=0;right=0;editable=1;overflow=hidden;whiteSpace=wrap;html=1;" value="" vertex="1">
          <mxGeometry height="30" width="30" as="geometry">
            <mxRectangle height="30" width="30" as="alternateBounds" />
          </mxGeometry>
        </mxCell>
        <mxCell id="kTAyDUtRgu52o12CEb7L-65" parent="kTAyDUtRgu52o12CEb7L-63" style="shape=partialRectangle;connectable=0;fillColor=none;top=0;left=0;bottom=0;right=0;align=left;spacingLeft=6;overflow=hidden;whiteSpace=wrap;html=1;" value="total_score: decimal(5,2) default 0" vertex="1">
          <mxGeometry height="30" width="205" x="30" as="geometry">
            <mxRectangle height="30" width="205" as="alternateBounds" />
          </mxGeometry>
        </mxCell>
        <mxCell id="kTAyDUtRgu52o12CEb7L-67" parent="1" style="shape=table;startSize=30;container=1;collapsible=1;childLayout=tableLayout;fixedRows=1;rowLines=0;fontStyle=1;align=center;resizeLast=1;html=1;" value="Attempt_Answer" vertex="1">
          <mxGeometry height="150" width="250" x="305" y="880" as="geometry" />
        </mxCell>
        <mxCell id="kTAyDUtRgu52o12CEb7L-68" parent="kTAyDUtRgu52o12CEb7L-67" style="shape=tableRow;horizontal=0;startSize=0;swimlaneHead=0;swimlaneBody=0;fillColor=none;collapsible=0;dropTarget=0;points=[[0,0.5],[1,0.5]];portConstraint=eastwest;top=0;left=0;right=0;bottom=1;" value="" vertex="1">
          <mxGeometry height="30" width="250" y="30" as="geometry" />
        </mxCell>
        <mxCell id="kTAyDUtRgu52o12CEb7L-69" parent="kTAyDUtRgu52o12CEb7L-68" style="shape=partialRectangle;connectable=0;fillColor=none;top=0;left=0;bottom=0;right=0;fontStyle=1;overflow=hidden;whiteSpace=wrap;html=1;" value="PK" vertex="1">
          <mxGeometry height="30" width="30" as="geometry">
            <mxRectangle height="30" width="30" as="alternateBounds" />
          </mxGeometry>
        </mxCell>
        <mxCell id="kTAyDUtRgu52o12CEb7L-70" parent="kTAyDUtRgu52o12CEb7L-68" style="shape=partialRectangle;connectable=0;fillColor=none;top=0;left=0;bottom=0;right=0;align=left;spacingLeft=6;fontStyle=5;overflow=hidden;whiteSpace=wrap;html=1;" value="ID: UUID" vertex="1">
          <mxGeometry height="30" width="220" x="30" as="geometry">
            <mxRectangle height="30" width="220" as="alternateBounds" />
          </mxGeometry>
        </mxCell>
        <mxCell id="kTAyDUtRgu52o12CEb7L-120" parent="kTAyDUtRgu52o12CEb7L-67" style="shape=tableRow;horizontal=0;startSize=0;swimlaneHead=0;swimlaneBody=0;fillColor=none;collapsible=0;dropTarget=0;points=[[0,0.5],[1,0.5]];portConstraint=eastwest;top=0;left=0;right=0;bottom=0;" value="" vertex="1">
          <mxGeometry height="30" width="250" y="60" as="geometry" />
        </mxCell>
        <mxCell id="kTAyDUtRgu52o12CEb7L-121" parent="kTAyDUtRgu52o12CEb7L-120" style="shape=partialRectangle;connectable=0;fillColor=none;top=0;left=0;bottom=0;right=0;fontStyle=0;overflow=hidden;whiteSpace=wrap;html=1;" value="FK" vertex="1">
          <mxGeometry height="30" width="30" as="geometry">
            <mxRectangle height="30" width="30" as="alternateBounds" />
          </mxGeometry>
        </mxCell>
        <mxCell id="kTAyDUtRgu52o12CEb7L-122" parent="kTAyDUtRgu52o12CEb7L-120" style="shape=partialRectangle;connectable=0;fillColor=none;top=0;left=0;bottom=0;right=0;align=left;spacingLeft=6;fontStyle=0;overflow=hidden;whiteSpace=wrap;html=1;" value="AttemptID: UUID (Attempt.ID)" vertex="1">
          <mxGeometry height="30" width="220" x="30" as="geometry">
            <mxRectangle height="30" width="220" as="alternateBounds" />
          </mxGeometry>
        </mxCell>
        <mxCell id="kTAyDUtRgu52o12CEb7L-123" parent="kTAyDUtRgu52o12CEb7L-67" style="shape=tableRow;horizontal=0;startSize=0;swimlaneHead=0;swimlaneBody=0;fillColor=none;collapsible=0;dropTarget=0;points=[[0,0.5],[1,0.5]];portConstraint=eastwest;top=0;left=0;right=0;bottom=0;" value="" vertex="1">
          <mxGeometry height="30" width="250" y="90" as="geometry" />
        </mxCell>
        <mxCell id="kTAyDUtRgu52o12CEb7L-124" parent="kTAyDUtRgu52o12CEb7L-123" style="shape=partialRectangle;connectable=0;fillColor=none;top=0;left=0;bottom=0;right=0;fontStyle=0;overflow=hidden;whiteSpace=wrap;html=1;" value="FK" vertex="1">
          <mxGeometry height="30" width="30" as="geometry">
            <mxRectangle height="30" width="30" as="alternateBounds" />
          </mxGeometry>
        </mxCell>
        <mxCell id="kTAyDUtRgu52o12CEb7L-125" parent="kTAyDUtRgu52o12CEb7L-123" style="shape=partialRectangle;connectable=0;fillColor=none;top=0;left=0;bottom=0;right=0;align=left;spacingLeft=6;fontStyle=0;overflow=hidden;whiteSpace=wrap;html=1;" value="QuestionID: UUID (Question.ID)" vertex="1">
          <mxGeometry height="30" width="220" x="30" as="geometry">
            <mxRectangle height="30" width="220" as="alternateBounds" />
          </mxGeometry>
        </mxCell>
        <mxCell id="kTAyDUtRgu52o12CEb7L-127" parent="kTAyDUtRgu52o12CEb7L-67" style="shape=tableRow;horizontal=0;startSize=0;swimlaneHead=0;swimlaneBody=0;fillColor=none;collapsible=0;dropTarget=0;points=[[0,0.5],[1,0.5]];portConstraint=eastwest;top=0;left=0;right=0;bottom=0;" value="" vertex="1">
          <mxGeometry height="30" width="250" y="120" as="geometry" />
        </mxCell>
        <mxCell id="kTAyDUtRgu52o12CEb7L-128" parent="kTAyDUtRgu52o12CEb7L-127" style="shape=partialRectangle;connectable=0;fillColor=none;top=0;left=0;bottom=0;right=0;fontStyle=0;overflow=hidden;whiteSpace=wrap;html=1;" value="FK" vertex="1">
          <mxGeometry height="30" width="30" as="geometry">
            <mxRectangle height="30" width="30" as="alternateBounds" />
          </mxGeometry>
        </mxCell>
        <mxCell id="kTAyDUtRgu52o12CEb7L-129" parent="kTAyDUtRgu52o12CEb7L-127" style="shape=partialRectangle;connectable=0;fillColor=none;top=0;left=0;bottom=0;right=0;align=left;spacingLeft=6;fontStyle=0;overflow=hidden;whiteSpace=wrap;html=1;" value="OptionID: UUID (QuestionOption.ID)" vertex="1">
          <mxGeometry height="30" width="220" x="30" as="geometry">
            <mxRectangle height="30" width="220" as="alternateBounds" />
          </mxGeometry>
        </mxCell>
        <mxCell id="fI0InO2xGz0QhpNCJ3yh-1" parent="1" style="shape=table;startSize=30;container=1;collapsible=1;childLayout=tableLayout;fixedRows=1;rowLines=0;fontStyle=1;align=center;resizeLast=1;html=1;" value="Session" vertex="1">
          <mxGeometry height="150" width="180" x="20" y="400" as="geometry" />
        </mxCell>
        <mxCell id="fI0InO2xGz0QhpNCJ3yh-2" parent="fI0InO2xGz0QhpNCJ3yh-1" style="shape=tableRow;horizontal=0;startSize=0;swimlaneHead=0;swimlaneBody=0;fillColor=none;collapsible=0;dropTarget=0;points=[[0,0.5],[1,0.5]];portConstraint=eastwest;top=0;left=0;right=0;bottom=1;" value="" vertex="1">
          <mxGeometry height="30" width="180" y="30" as="geometry" />
        </mxCell>
        <mxCell id="fI0InO2xGz0QhpNCJ3yh-3" parent="fI0InO2xGz0QhpNCJ3yh-2" style="shape=partialRectangle;connectable=0;fillColor=none;top=0;left=0;bottom=0;right=0;fontStyle=1;overflow=hidden;whiteSpace=wrap;html=1;" value="PK" vertex="1">
          <mxGeometry height="30" width="30" as="geometry">
            <mxRectangle height="30" width="30" as="alternateBounds" />
          </mxGeometry>
        </mxCell>
        <mxCell id="fI0InO2xGz0QhpNCJ3yh-4" parent="fI0InO2xGz0QhpNCJ3yh-2" style="shape=partialRectangle;connectable=0;fillColor=none;top=0;left=0;bottom=0;right=0;align=left;spacingLeft=6;fontStyle=5;overflow=hidden;whiteSpace=wrap;html=1;" value="ID" vertex="1">
          <mxGeometry height="30" width="150" x="30" as="geometry">
            <mxRectangle height="30" width="150" as="alternateBounds" />
          </mxGeometry>
        </mxCell>
        <mxCell id="fI0InO2xGz0QhpNCJ3yh-14" parent="fI0InO2xGz0QhpNCJ3yh-1" style="shape=tableRow;horizontal=0;startSize=0;swimlaneHead=0;swimlaneBody=0;fillColor=none;collapsible=0;dropTarget=0;points=[[0,0.5],[1,0.5]];portConstraint=eastwest;top=0;left=0;right=0;bottom=0;" value="" vertex="1">
          <mxGeometry height="30" width="180" y="60" as="geometry" />
        </mxCell>
        <mxCell id="fI0InO2xGz0QhpNCJ3yh-15" parent="fI0InO2xGz0QhpNCJ3yh-14" style="shape=partialRectangle;connectable=0;fillColor=none;top=0;left=0;bottom=0;right=0;fontStyle=0;overflow=hidden;whiteSpace=wrap;html=1;" value="FK" vertex="1">
          <mxGeometry height="30" width="30" as="geometry">
            <mxRectangle height="30" width="30" as="alternateBounds" />
          </mxGeometry>
        </mxCell>
        <mxCell id="fI0InO2xGz0QhpNCJ3yh-16" parent="fI0InO2xGz0QhpNCJ3yh-14" style="shape=partialRectangle;connectable=0;fillColor=none;top=0;left=0;bottom=0;right=0;align=left;spacingLeft=6;fontStyle=0;overflow=hidden;whiteSpace=wrap;html=1;" value="UserID: UUID (User.ID)" vertex="1">
          <mxGeometry height="30" width="150" x="30" as="geometry">
            <mxRectangle height="30" width="150" as="alternateBounds" />
          </mxGeometry>
        </mxCell>
        <mxCell id="fI0InO2xGz0QhpNCJ3yh-5" parent="fI0InO2xGz0QhpNCJ3yh-1" style="shape=tableRow;horizontal=0;startSize=0;swimlaneHead=0;swimlaneBody=0;fillColor=none;collapsible=0;dropTarget=0;points=[[0,0.5],[1,0.5]];portConstraint=eastwest;top=0;left=0;right=0;bottom=0;" value="" vertex="1">
          <mxGeometry height="30" width="180" y="90" as="geometry" />
        </mxCell>
        <mxCell id="fI0InO2xGz0QhpNCJ3yh-6" parent="fI0InO2xGz0QhpNCJ3yh-5" style="shape=partialRectangle;connectable=0;fillColor=none;top=0;left=0;bottom=0;right=0;editable=1;overflow=hidden;whiteSpace=wrap;html=1;" value="" vertex="1">
          <mxGeometry height="30" width="30" as="geometry">
            <mxRectangle height="30" width="30" as="alternateBounds" />
          </mxGeometry>
        </mxCell>
        <mxCell id="fI0InO2xGz0QhpNCJ3yh-7" parent="fI0InO2xGz0QhpNCJ3yh-5" style="shape=partialRectangle;connectable=0;fillColor=none;top=0;left=0;bottom=0;right=0;align=left;spacingLeft=6;overflow=hidden;whiteSpace=wrap;html=1;" value="Token: varchar(255)" vertex="1">
          <mxGeometry height="30" width="150" x="30" as="geometry">
            <mxRectangle height="30" width="150" as="alternateBounds" />
          </mxGeometry>
        </mxCell>
        <mxCell id="fI0InO2xGz0QhpNCJ3yh-8" parent="fI0InO2xGz0QhpNCJ3yh-1" style="shape=tableRow;horizontal=0;startSize=0;swimlaneHead=0;swimlaneBody=0;fillColor=none;collapsible=0;dropTarget=0;points=[[0,0.5],[1,0.5]];portConstraint=eastwest;top=0;left=0;right=0;bottom=0;" value="" vertex="1">
          <mxGeometry height="30" width="180" y="120" as="geometry" />
        </mxCell>
        <mxCell id="fI0InO2xGz0QhpNCJ3yh-9" parent="fI0InO2xGz0QhpNCJ3yh-8" style="shape=partialRectangle;connectable=0;fillColor=none;top=0;left=0;bottom=0;right=0;editable=1;overflow=hidden;whiteSpace=wrap;html=1;" value="" vertex="1">
          <mxGeometry height="30" width="30" as="geometry">
            <mxRectangle height="30" width="30" as="alternateBounds" />
          </mxGeometry>
        </mxCell>
        <mxCell id="fI0InO2xGz0QhpNCJ3yh-10" parent="fI0InO2xGz0QhpNCJ3yh-8" style="shape=partialRectangle;connectable=0;fillColor=none;top=0;left=0;bottom=0;right=0;align=left;spacingLeft=6;overflow=hidden;whiteSpace=wrap;html=1;" value="expire_at: timestamp" vertex="1">
          <mxGeometry height="30" width="150" x="30" as="geometry">
            <mxRectangle height="30" width="150" as="alternateBounds" />
          </mxGeometry>
        </mxCell>
        <mxCell id="fI0InO2xGz0QhpNCJ3yh-33" edge="1" parent="1" source="Hxy6pOwvvo1rwIf-dP2S-18" style="edgeStyle=entityRelationEdgeStyle;fontSize=12;html=1;endArrow=ERoneToMany;startArrow=ERmandOne;rounded=0;startSize=6;endSize=6;jumpSize=6;strokeColor=default;curved=0;exitX=1.008;exitY=1.05;exitDx=0;exitDy=0;entryX=0;entryY=0;entryDx=0;entryDy=0;entryPerimeter=0;exitPerimeter=0;" target="Hxy6pOwvvo1rwIf-dP2S-37" value="">
          <mxGeometry height="100" relative="1" width="100" as="geometry">
            <mxPoint x="660" y="222" as="sourcePoint" />
            <mxPoint x="819" y="210" as="targetPoint" />
          </mxGeometry>
        </mxCell>
        <mxCell id="fI0InO2xGz0QhpNCJ3yh-34" edge="1" parent="1" style="edgeStyle=entityRelationEdgeStyle;fontSize=12;html=1;endArrow=ERzeroToMany;startArrow=ERmandOne;rounded=0;exitX=1;exitY=0.5;exitDx=0;exitDy=0;entryX=0.647;entryY=-0.001;entryDx=0;entryDy=0;entryPerimeter=0;" value="">
          <mxGeometry height="100" relative="1" width="100" as="geometry">
            <mxPoint x="270.0000000000001" y="305.2600000000001" as="sourcePoint" />
            <mxPoint x="259.39" y="589.9999999999999" as="targetPoint" />
          </mxGeometry>
        </mxCell>
        <mxCell id="fI0InO2xGz0QhpNCJ3yh-35" edge="1" parent="1" source="kTAyDUtRgu52o12CEb7L-4" style="edgeStyle=entityRelationEdgeStyle;fontSize=12;html=1;endArrow=ERzeroToMany;startArrow=ERmandOne;rounded=0;exitX=1;exitY=0.5;exitDx=0;exitDy=0;entryX=0.29;entryY=1.123;entryDx=0;entryDy=0;entryPerimeter=0;" target="Hxy6pOwvvo1rwIf-dP2S-24" value="">
          <mxGeometry height="100" relative="1" width="100" as="geometry">
            <mxPoint x="310" y="240" as="sourcePoint" />
            <mxPoint x="300" y="495" as="targetPoint" />
          </mxGeometry>
        </mxCell>
        <mxCell id="fI0InO2xGz0QhpNCJ3yh-36" edge="1" parent="1" style="edgeStyle=entityRelationEdgeStyle;fontSize=12;html=1;endArrow=ERzeroToMany;startArrow=ERmandOne;rounded=0;exitX=0.44;exitY=1.091;exitDx=0;exitDy=0;exitPerimeter=0;entryX=0.425;entryY=-0.016;entryDx=0;entryDy=0;entryPerimeter=0;" target="fI0InO2xGz0QhpNCJ3yh-1" value="">
          <mxGeometry height="100" relative="1" width="100" as="geometry">
            <mxPoint x="125.04" y="339.99999999999994" as="sourcePoint" />
            <mxPoint x="94.95999999999997" y="378.18" as="targetPoint" />
          </mxGeometry>
        </mxCell>
        <mxCell id="fI0InO2xGz0QhpNCJ3yh-38" edge="1" parent="1" style="edgeStyle=entityRelationEdgeStyle;fontSize=12;html=1;endArrow=ERoneToMany;startArrow=ERmandOne;rounded=0;entryX=0.545;entryY=-0.029;entryDx=0;entryDy=0;entryPerimeter=0;" target="Hxy6pOwvvo1rwIf-dP2S-53" value="">
          <mxGeometry height="100" relative="1" width="100" as="geometry">
            <mxPoint x="450" y="240" as="sourcePoint" />
            <mxPoint x="480" y="380" as="targetPoint" />
          </mxGeometry>
        </mxCell>
        <mxCell id="fI0InO2xGz0QhpNCJ3yh-39" edge="1" parent="1" source="Hxy6pOwvvo1rwIf-dP2S-40" style="edgeStyle=entityRelationEdgeStyle;fontSize=12;html=1;endArrow=ERoneToMany;startArrow=ERmandOne;rounded=0;entryX=0.524;entryY=1.128;entryDx=0;entryDy=0;entryPerimeter=0;exitX=0.831;exitY=-0.015;exitDx=0;exitDy=0;exitPerimeter=0;" target="kTAyDUtRgu52o12CEb7L-105" value="">
          <mxGeometry height="100" relative="1" width="100" as="geometry">
            <mxPoint x="320" y="560" as="sourcePoint" />
            <mxPoint x="420" y="540" as="targetPoint" />
          </mxGeometry>
        </mxCell>
        <mxCell id="fI0InO2xGz0QhpNCJ3yh-40" edge="1" parent="1" source="kTAyDUtRgu52o12CEb7L-10" style="edgeStyle=entityRelationEdgeStyle;fontSize=12;html=1;endArrow=ERoneToMany;startArrow=ERmandOne;rounded=0;exitX=1;exitY=0.5;exitDx=0;exitDy=0;entryX=0;entryY=0.028;entryDx=0;entryDy=0;entryPerimeter=0;" target="kTAyDUtRgu52o12CEb7L-40" value="">
          <mxGeometry height="100" relative="1" width="100" as="geometry">
            <mxPoint x="370" y="243" as="sourcePoint" />
            <mxPoint x="570" y="275" as="targetPoint" />
          </mxGeometry>
        </mxCell>
        <mxCell id="fI0InO2xGz0QhpNCJ3yh-41" edge="1" parent="1" source="kTAyDUtRgu52o12CEb7L-28" style="edgeStyle=entityRelationEdgeStyle;fontSize=12;html=1;endArrow=ERoneToMany;startArrow=ERmandOne;rounded=0;exitX=1;exitY=0.5;exitDx=0;exitDy=0;entryX=0;entryY=0.5;entryDx=0;entryDy=0;" target="kTAyDUtRgu52o12CEb7L-50" value="">
          <mxGeometry height="100" relative="1" width="100" as="geometry">
            <mxPoint x="500" y="510" as="sourcePoint" />
            <mxPoint x="810" y="510" as="targetPoint" />
          </mxGeometry>
        </mxCell>
        <mxCell id="fI0InO2xGz0QhpNCJ3yh-43" edge="1" parent="1" style="edgeStyle=entityRelationEdgeStyle;fontSize=12;html=1;endArrow=ERoneToMany;startArrow=ERmandOne;rounded=0;entryX=0;entryY=0.5;entryDx=0;entryDy=0;curved=0;" target="kTAyDUtRgu52o12CEb7L-54" value="">
          <mxGeometry height="100" relative="1" width="100" as="geometry">
            <mxPoint x="170" y="340" as="sourcePoint" />
            <mxPoint x="580" y="563.16" as="targetPoint" />
          </mxGeometry>
        </mxCell>
        <mxCell id="fI0InO2xGz0QhpNCJ3yh-44" edge="1" parent="1" source="Hxy6pOwvvo1rwIf-dP2S-47" style="edgeStyle=entityRelationEdgeStyle;fontSize=12;html=1;endArrow=ERoneToMany;startArrow=ERmandOne;rounded=0;exitX=1.007;exitY=0.817;exitDx=0;exitDy=0;entryX=0;entryY=0.5;entryDx=0;entryDy=0;exitPerimeter=0;" target="kTAyDUtRgu52o12CEb7L-117" value="">
          <mxGeometry height="100" relative="1" width="100" as="geometry">
            <mxPoint x="450" y="810" as="sourcePoint" />
            <mxPoint x="640" y="600" as="targetPoint" />
          </mxGeometry>
        </mxCell>
        <mxCell id="fI0InO2xGz0QhpNCJ3yh-47" edge="1" parent="1" style="edgeStyle=entityRelationEdgeStyle;fontSize=12;html=1;endArrow=ERoneToMany;startArrow=ERmandOne;rounded=0;entryX=1;entryY=0.5;entryDx=0;entryDy=0;" target="kTAyDUtRgu52o12CEb7L-123" value="">
          <mxGeometry height="100" relative="1" width="100" as="geometry">
            <mxPoint x="810" y="120" as="sourcePoint" />
            <mxPoint x="540" y="880" as="targetPoint" />
          </mxGeometry>
        </mxCell>
        <mxCell id="fI0InO2xGz0QhpNCJ3yh-45" edge="1" parent="1" source="kTAyDUtRgu52o12CEb7L-63" style="edgeStyle=entityRelationEdgeStyle;fontSize=12;html=1;endArrow=ERoneToMany;startArrow=ERmandOne;rounded=0;exitX=0.469;exitY=1.086;exitDx=0;exitDy=0;entryX=0.41;entryY=-0.005;entryDx=0;entryDy=0;exitPerimeter=0;entryPerimeter=0;" target="kTAyDUtRgu52o12CEb7L-67" value="">
          <mxGeometry height="100" relative="1" width="100" as="geometry">
            <mxPoint x="425" y="960" as="sourcePoint" />
            <mxPoint x="582" y="810" as="targetPoint" />
          </mxGeometry>
        </mxCell>
        <mxCell id="fI0InO2xGz0QhpNCJ3yh-46" edge="1" parent="1" style="edgeStyle=entityRelationEdgeStyle;fontSize=12;html=1;endArrow=ERoneToMany;startArrow=ERmandOne;rounded=0;entryX=0.638;entryY=-0.016;entryDx=0;entryDy=0;entryPerimeter=0;" target="kTAyDUtRgu52o12CEb7L-67" value="">
          <mxGeometry height="100" relative="1" width="100" as="geometry">
            <mxPoint x="530" y="240" as="sourcePoint" />
            <mxPoint x="440" y="836" as="targetPoint" />
          </mxGeometry>
        </mxCell>
      </root>
    </mxGraphModel>
  </diagram>
</mxfile>
